DEF_SRC,DEF_TYPE,DEF_NAME,DEF_CAT,DEF_SUB,DEF_RULE,CHECK_BEG,CHECK_END,CHECK_BEG_OFFSET,CHECK_BEG_OFFSET_UNIT,CHECK_END_OFFSET,CHECK_END_OFFSET_UNIT,CLM_N,CLM_GAP_MIN,CLM_GAP_MAX,CLM_LOS_MIN,CLM_LOS_MAX,CLM_TYPE,SETTING,INDEX_DT,LINK,CLM_WC1,CLM_WC2,CODE_TYPE,CODE_POSITION,CODE,CODE_LIST,CODE_INT,CODE_DESC
CMMI,EPISODE,BPCIA,LEVEL,,SUB_EPISODE,INDEX_END,INDEX_END,-12,MONTH,89,DAY,,,,,,,,,,,,,,,,,Dedup Episodes at Sub-episode Level
CMMI,EPISODE,BPCIA,TRIG_IN_01,Y,,PRF_BEG,PRF_END,,,,,,,,,59,IP,IPA,DIS_DT,,ALLOWED_AMT>0,,MS_DRG,,,SUB_F1,1,Trigger MS-DRG
CMMI,EPISODE,BPCIA,TRIG_IN_01,ALL,,PRF_BEG,PRF_END,,,,,,,,,,IP,IPA,,,,,CCN,,,A,2,ACH provider
CMMI,EPISODE,BPCIA,TRIG_IN_01,ALL,,PRF_BEG,PRF_END,,,,,,,,,,IP,IPA,,,,,DISCHARGE,,DIED/TRNSF,,X,Exclude Trigger Death/Transfer
CMMI,EPISODE,BPCIA,TRIG_IN_02,Y,,PRF_BEG,PRF_END,,,,,,,,,59,IP,IPA,DIS_DT,,ALLOWED_AMT>0,,MS_DRG,,,SUB_F2,1,Trigger MS-DRG
CMMI,EPISODE,BPCIA,TRIG_IN_02,Y,,PRF_BEG,PRF_END,,,,,,,,,,IP,IPA,,,,,PX,,,SUB_F3,2,Trigger ICD 10 procedure code (TAVR and MJRUE only)
CMMI,EPISODE,BPCIA,TRIG_IN_02,ALL,,PRF_BEG,PRF_END,,,,,,,,,,IP,IPA,,,,,CCN,,,A,3,ACH provider
CMMI,EPISODE,BPCIA,TRIG_IN_02,ALL,,PRF_BEG,PRF_END,,,,,,,,,,IP,IPA,,,,,DISCHARGE,,DIED/TRNSF,,X,Exclude Trigger Death/Transfer
CMMI,EPISODE,BPCIA,TRIG_IN_03,Y,,PRF_BEG,PRF_END,,,,,,,,,,OP,,SVC_THRU_DT,,REV_STUS_IND='J1',ALLOWED_AMT=MAX,CPT,,,SUB_F4,1,Trigger HCPCS/CPT
CMMI,EPISODE,BPCIA,TRIG_IN_03,ALL,,PRF_BEG,PRF_END,,,,,,,,,,OP,,,,,,CCN,,,A,2,ACH provider
CMMI,EPISODE,BPCIA,TRIG_IN_03,ALL,,PRF_BEG,PRF_END,,,,,,,,,,OP,,,,,,DISCHARGE,,DIED,,X,Trigger Death
CMMI,EPISODE,BPCIA,ELIG_01,,,INDEX_BEG,INDEX_END,-180,DAY,89,DAY,,,,,,ENROLL,,,,,,ENROLL_GAP,,0,,,No Enrollment Gap
CMMI,EPISODE,BPCIA,ELIG_02,,,INDEX_BEG,INDEX_END,-180,DAY,89,DAY,,,,,,ENROLL,,,,,,ESRD,,0,,,No ESRD
CMMI,EPISODE,BPCIA,TRIG_EX_01,,,INDEX_BEG,INDEX_BEG,-1,DAY,,,,,,,,IP,CAH,DIS_DT,,DISCHARGE='TRNSF',,,,,,,Exclude Transferred Trigger from CAH
CMMI,EPISODE,BPCIA,TRIG_EX_01,,,INDEX_BEG,INDEX_BEG,-1,DAY,,,,,,,,IP,IPA,DIS_DT,,DISCHARGE='TRNSF',,CCN,,,B,,Exclude Transferred Trigger from Cancer Hospitals
CMMI,EPISODE,BPCIA,TRIG_EX_02,,,INDEX_BEG,INDEX_END,-180,DAY,89,DAY,,,,,,,,,,,,PRPAY_AMT,,>0,,,Exclude episodes with the target payer as the secondary payer
CMMI,EPISODE,BPCIA,TRIG_EX_03,BPCIA_PCI,,INDEX_BEG,INDEX_END,,,89,DAY,,,,,,,,,,,,MS_DRG,,,j,1,Exclude PCI episode followed by a TAVR
CMMI,EPISODE,BPCIA,TRIG_EX_03,BPCIA_PCI,,INDEX_BEG,INDEX_END,,,89,DAY,,,,,,,,,,,,PX,,,j,2,Exclude PCI episode followed by a TAVR
CMMI,EPISODE,BPCIA,EPI_IN_01,,,INDEX_CASE,,,,,,,,,,,,,,,,,,,,,,Trigger Stay
CMMI,EPISODE,BPCIA,EPI_IN_02,,,INDEX_BEG,INDEX_BEG,-1,DAY,,,,,,,,IP,IPA,DIS_DT,CASE_ID,,,DISCHARGE,,TRNSF,,,Trigger Transferred
CMMI,EPISODE,BPCIA,EPI_IN_03,,,INDEX_BEG,INDEX_BEG,-1,DAY,,,,,,,,OP/PHYS,ER,,,,,,,,,,Pre-Admission ER
CMMI,EPISODE,BPCIA,EPI_IN_04,,,INDEX_BEG,INDEX_END,,,89,DAY,,,,,,SNF/HHA/HSP/IP,,,,,,,,,,,"All Post-Acute IP, SNF, HHA and Hospice Services"
CMMI,EPISODE,BPCIA,EPI_IN_05,ALL,,INDEX_BEG,INDEX_END,,,89,DAY,,,,,,OP/PHYS/DME,,,,,,,,,,,"All Post-Acute OP, physician, and DME Services"
CMMI,EPISODE,BPCIA,EPI_IN_05,ALL,,INDEX_BEG,INDEX_END,,,89,DAY,,,,,,OP,,,,,,CPT,,93797/93798/G0422/G0423,,X,Exclude OP CR/ICR
CMMI,EPISODE,BPCIA,EPI_IN_05,ALL,,INDEX_BEG,INDEX_END,,,89,DAY,,,,,,OP/PHYS/DME,,,,,,CPT,,G9678,,X,Exclude OCM PBPM payment
CMMI,EPISODE,BPCIA,EPI_IN_05,BPCIA_IBD,COST,INDEX_BEG,INDEX_END,,,89,DAY,,,,,,OP/PHYS/DME,,,,,,CPT,,,I,X,Exclude IBD-related drugs
CMMI,EPISODE,BPCIA,EPI_IN_05,ALL,COST,INDEX_BEG,INDEX_END,,,89,DAY,,,,,,OP/PHYS/DME,,,,,,CPT,,,Z,X,Excluded Part B drugs
CMMI,EPISODE,BPCIA,EPI_IN_05,ALL,COST,INDEX_BEG,INDEX_END,,,89,DAY,,,,,,OP/PHYS/DME,,,,,,REV_STUS_IND,,H,,X,Excludedpass-through payments for medical devices
CMMI,EPISODE,BPCIA,EPI_IN_06,,,INDEX_BEG,INDEX_END,,,89,DAY,,,,,,PHYS/DME,,,,,,CPT,,93797/93798/G0422/G0423,,1,Carrier CR/ICR to be excluded
CMMI,EPISODE,BPCIA,EPI_IN_06,,,INDEX_BEG,INDEX_END,,,89,DAY,,,,,,PHYS/DME,,,,,,POS_CD,11/22/19,,,2,Carrier CR/ICR to be excluded
CMMI,EPISODE,BPCIA,EPI_IN_06,,,INDEX_BEG,INDEX_END,,,89,DAY,,,,,,PHYS/DME,,,,"THRU_DT>=MDY(1,27,2020)",,POS_CD,02,,,2,Carrier CR/ICR to be excluded
CMMI,EPISODE,BPCIA,EPI_IN_07,,,INDEX_BEG,INDEX_END,,,89,DAY,,,,,,IP,,,CASE_ID,,,MS_DRG,,,X,,Readmissions and associated part B to be excluded
CMMI,EPISODE,BPCIA,RF_IN_01,,,INDEX_END,INDEX_END,,,7,DAY,,,,,,PHYS,,,,,,CPT,,,E,,7-day post discharge follow-up
CMMI,EPISODE,BPCIA,RF_IN_02,,,ANA_END,ANA_END,-12,MONTH,-1,DAY,,,,,,PHYS,,,,,,CPT,,,A,,ACP
CMMI,EPISODE,BPCIA_IP,LEVEL,,SUB_EPISODE,INDEX_BEG,INDEX_END,-90,DAY,89,DAY,,,,,,,,,,,,,,,,,Dedup Episodes at Sub-episode Level
CMMI,EPISODE,BPCIA_IP,TRIG_IN_01,Y,,PRF_BEG,PRF_END,,,,,,,,,59,IP,IPA,DIS_DT,,ALLOWED_AMT>0,,MS_DRG,,,SUB_F1,1,Trigger MS-DRG
CMMI,EPISODE,BPCIA_IP,TRIG_IN_01,BPCIA_IP_TAVR,,PRF_BEG,PRF_END,,,,,,,,,59,IP,IPA,DIS_DT,,ALLOWED_AMT>0,,PX,,,T,2,Trigger ICD 10 procedure code (TAVR only)
CMMI,EPISODE,BPCIA_IP,TRIG_IN_01,ALL,,PRF_BEG,PRF_END,,,,,,,,,,IP,IPA,DIS_DT,,,,DISCHARGE,,DIED/TRNSF,,X,Exclude Trigger Death/Transfer
CMMI,EPISODE,BPCIA_IP,TRIG_IN_01,ALL,,PRF_BEG,PRF_END,,,,,,,,,,IP,IPA,DIS_DT,,,,CCN,,050146/050660/100079/100271/220162/330154/330354/360242/390196/450076/500138,,X,Exclude PPS-Exampt Cancer Hospital
CMMI,EPISODE,BPCIA_IP,ELIG_01,,,INDEX_BEG,INDEX_END,-180,DAY,89,DAY,,,,,,ENROLL,,,,,,ENROLL_GAP,,0,,,No Enrollment Gap
CMMI,EPISODE,BPCIA_IP,ELIG_02,,,INDEX_BEG,INDEX_END,-180,DAY,89,DAY,,,,,,ENROLL,,,,,,ESRD,,0,,,No ESRD
CMMI,EPISODE,BPCIA_IP,TRIG_EX_01,,,INDEX_BEG,INDEX_BEG,-1,DAY,,,,,,,,IP,IPA,DIS_DT,,DISCHARGE='TRNSF',,CCN,,050146/050660/100079/100271/220162/330154/330354/360242/390196/450076/500138,,,Exclude Transferred Trigger from Cancer Hospitals
CMMI,EPISODE,BPCIA_IP,TRIG_EX_02,,,INDEX_BEG,INDEX_END,-180,DAY,89,DAY,,,,,,,,,,,,PRPAY_AMT,,>0,,,Exclude episodes with the target payer as the secondary payer
CMMI,EPISODE,BPCIA_IP,EPI_IN_01,,,INDEX_CASE,,,,,,,,,,,,,,,,,,,,,,Trigger Stay
CMMI,EPISODE,BPCIA_IP,EPI_IN_02,,,INDEX_BEG,INDEX_BEG,-1,DAY,,,,,,,,IP,IPA,DIS_DT,CASE_ID,,,DISCHARGE,,TRNSF,,,Trigger Transferred
CMMI,EPISODE,BPCIA_IP,EPI_IN_03,,,INDEX_BEG,INDEX_BEG,-1,DAY,,,,,,,,OP/PHYS,ER,,,,,,,,,,Pre-Admission ER
CMMI,EPISODE,BPCIA_IP,EPI_IN_04,,,INDEX_BEG,INDEX_END,,,89,DAY,,,,,,SNF/HHA/HSP/IP,,,,,,,,,,,"All Post-Acute IP, SNF, HHA and Hospice Services"
CMMI,EPISODE,BPCIA_IP,EPI_IN_05,,,INDEX_BEG,INDEX_END,,,89,DAY,,,,,,OP/PHYS/DME,,,,,,,,,,,"All Post-Acute OP, physician, and DME Services"
CMMI,EPISODE,BPCIA_IP,EPI_IN_05,,,INDEX_BEG,INDEX_END,,,89,DAY,,,,,,OP,,,,,,CPT,,93797/93798/G0422/G0423,,X,Exclude OP CR/ICR
CMMI,EPISODE,BPCIA_IP,EPI_IN_05,,,INDEX_BEG,INDEX_END,,,89,DAY,,,,,,OP/PHYS/DME,,,,,,CPT,,G9678,,X,Exclude OCM PBPM payment
CMMI,EPISODE,BPCIA_IP,EPI_IN_05,BPCIA_IP_IBD,COST,INDEX_BEG,INDEX_END,,,89,DAY,,,,,,OP/PHYS/DME,,,,,,CPT,,,I,X,Exclude IBD-related drugs
CMMI,EPISODE,BPCIA_IP,EPI_IN_05,,COST,INDEX_BEG,INDEX_END,,,89,DAY,,,,,,OP/PHYS/DME,,,,,,CPT,,,Z,X,Excluded Part B drugs
CMMI,EPISODE,BPCIA_IP,EPI_IN_05,,COST,INDEX_BEG,INDEX_END,,,89,DAY,,,,,,OP/PHYS/DME,,,,,,REV_STUS_IND,,H,,X,Excludedpass-through payments for medical devices
CMMI,EPISODE,BPCIA_IP,EPI_IN_06,,,INDEX_BEG,INDEX_END,,,89,DAY,,,,,,PHYS/DME,,,,,,CPT,,93797/93798/G0422/G0423,,1,Carrier CR/ICR to be excluded
CMMI,EPISODE,BPCIA_IP,EPI_IN_06,,,INDEX_BEG,INDEX_END,,,89,DAY,,,,,,PHYS/DME,,,,,,POS,11/22/19,,,2,Carrier CR/ICR to be excluded
CMMI,EPISODE,BPCIA_IP,EPI_IN_06,,,INDEX_BEG,INDEX_END,,,89,DAY,,,,,,PHYS/DME,,,,"THRU_DT>=MDY(1,27,2020)",,POS,02,,,2,Carrier CR/ICR to be excluded
CMMI,EPISODE,BPCIA_IP,EPI_IN_07,,,INDEX_BEG,INDEX_END,,,89,DAY,,,,,,IP,,,CASE_ID,,,MS_DRG,,,X,,Readmissions and associated part B to be excluded
CMMI,EPISODE,BPCIA_IP,EPI_IN_07,BPCIA_IP_PCI,,INDEX_END,INDEX_END,,,89,DAY,,,,,,IP,,,CASE_ID,,,MS_DRG,,,J,,Post-discharge TAVR to be excluded ( PCI only)
CMMI,EPISODE,BPCIA_IOP,LEVEL,,SUB_EPISODE,INDEX_BEG,INDEX_END,-90,DAY,89,DAY,,,,,,,,,,,,,,,,,Dedup Episodes at Sub-episode Level
CMMI,EPISODE,BPCIA_IOP,TRIG_IN_01,Y,,PRF_BEG,PRF_END,,,,,,,,,,OP,OP/ER/IP,SVC_THRU_DT,,REV_STUS_IND='J1',ALLOWED_AMT>0,CPT,,,SUB_F1,,Trigger HCPCS/CPT
CMMI,EPISODE,BPCIA_IOP,TRIG_IN_01,ALL,,PRF_BEG,PRF_END,,,,,,,,,,OP,,,,,,DISCHARGE,,DIED,,X,Trigger Death
CMMI,EPISODE,BPCIA_IOP,ELIG_01,,,INDEX_BEG,INDEX_END,-180,DAY,89,DAY,,,,,,ENROLL,,,,,,ENROLL_GAP,,0,,,No Enrollment Gap
CMMI,EPISODE,BPCIA_IOP,ELIG_02,,,INDEX_BEG,INDEX_END,-180,DAY,89,DAY,,,,,,ENROLL,,,,,,ESRD,,0,,,No ESRD
CMMI,EPISODE,BPCIA_IOP,TRIG_EX_01,,,INDEX_BEG,INDEX_END,-180,DAY,89,DAY,,,,,,,,,,,,PRPAY_AMT,,>0,,,Exclude episodes with the target payer as the secondary payer
CMMI,EPISODE,BPCIA_IOP,EPI_IN_01,,,INDEX_CASE,,,,,,,,,,,,,,,,,,,,,,Trigger OP Visit
CMMI,EPISODE,BPCIA_IOP,EPI_IN_02,,,INDEX_BEG,INDEX_BEG,-1,DAY,,,,,,,,OP/PHYS,ER,,,,,,,,,,Pre-Admission ER
CMMI,EPISODE,BPCIA_IOP,EPI_IN_03,,,INDEX_BEG,INDEX_END,,,89,DAY,,,,,,SNF/HHA/HSP/IP,,,,,,,,,,,"All Post-Acute IP, SNF, HHA and Hospice Services"
CMMI,EPISODE,BPCIA_IOP,EPI_IN_04,,,INDEX_BEG,INDEX_END,,,89,DAY,,,,,,OP/PHYS/DME,,,,,,,,,,,"All Post-Acute OP, physician, and DME Services"
CMMI,EPISODE,BPCIA_IOP,EPI_IN_04,,,INDEX_BEG,INDEX_END,,,89,DAY,,,,,,OP,,,,,,CPT,,,,X,Exclude OP CR/ICR
CMMI,EPISODE,BPCIA_IOP,EPI_IN_04,,,INDEX_BEG,INDEX_END,,,89,DAY,,,,,,OP/PHYS/DME,,,,,,CPT,,,,X,Exclude OCM PBPM payment
CMMI,EPISODE,BPCIA_IOP,EPI_IN_04,,COST,INDEX_BEG,INDEX_END,,,89,DAY,,,,,,OP/PHYS/DME,,,,,,CPT,,,X,X,Excluded Part B drugs
CMMI,EPISODE,BPCIA_IOP,EPI_IN_04,,COST,INDEX_BEG,INDEX_END,,,89,DAY,,,,,,OP/PHYS/DME,,,,,,REV_STUS_IND,,H,,X,Excludedpass-through payments for medical devices
CMMI,EPISODE,BPCIA_IOP,EPI_IN_05,,,INDEX_BEG,INDEX_END,,,89,DAY,,,,,,PHYS/DME,,,,,,CPT,,,,1,Carrier CR/ICR to be excluded
CMMI,EPISODE,BPCIA_IOP,EPI_IN_05,,,INDEX_BEG,INDEX_END,,,89,DAY,,,,,,PHYS/DME,,,,,,POS,11/22/19,,,2,Carrier CR/ICR to be excluded
CMMI,EPISODE,BPCIA_IOP,EPI_IN_05,,,INDEX_BEG,INDEX_END,,,89,DAY,,,,,,PHYS/DME,,,,"THRU_DT>=MDY(1,27,2020)",,POS,02,,,2,Carrier CR/ICR to be excluded
CMMI,EPISODE,BPCIA_IOP,EPI_IN_06,,,INDEX_BEG,INDEX_END,,,89,DAY,,,,,,IP,,,CASE_ID,,,MS_DRG,,,X,,Readmissions and associated part B to be excluded
CMMI,EPISODE,BPCIA_IOP,EPI_IN_06,BPCIA_OP_PCI,,INDEX_END,INDEX_END,,,89,DAY,,,,,,IP,,,CASE_ID,,,MS_DRG,,,J,,Post-discharge TAVR to be excluded (PCI only)
CMMI,EPISODE,KCC,LEVEL,,BENE/RANK,PRF_BEG,PRF_END,-15,MONTH,,,,,,,,,,,,,,,,,,,Dedup Episodes at Beneficiary Level
CMMI,EPISODE,KCC,TRIG_IN_01,,,PRF_BEG,PRF_BEG,-15,MONTH,-3,MONTH,,,,,,OP,,,,,,BILL_TYPE,,72,,,Trigger Dialysis
CMMI,EPISODE,KCC,TRIG_IN_01,,,PRF_BEG,PRF_BEG,-15,MONTH,-3,MONTH,,,,,,OP,,,,,,DX,1,,F,X,Trigger AKI Dialysis Exclusion
CMMI,EPISODE,KCC,TRIG_IN_02,,,PRF_BEG,PRF_BEG,-15,MONTH,-3,MONTH,2,,,,,PHYS,,,,,,CPT,,,M,,ESRD MCP Visit
CMMI,EPISODE,KCC,TRIG_IN_03,,,PRF_BEG,PRF_BEG,-15,MONTH,-3,MONTH,,,,,,,,,,,,DX,,,A,,CKD 4/5 Diagnosis
CMMI,EPISODE,KCC,TRIGGER_IN_01,KCC_ESRD,TRIG_IN_01+TRIG_IN_02,,,,,,,,,,,,,,,,,,,,,,,ESRD Trigger
CMMI,EPISODE,KCC,TRIGGER_IN_02,KCC_CKD,TRIG_IN_03,,,,,,,,,,,,,,,,,,,,,,,CKD Trigger
CMMI,EPISODE,KCC,ELIG_01,,,PRF_BEG,PRF_BEG,,,,,,,,,,ENROLL,,,,,,ENROLL_GAP,,0,,,Enrolled at the beginning of PY
CMMI,EPISODE,KCC,ELIG_02,,,PRF_BEG,PRF_BEG,,,,,,,,,,ENROLL,,,,,,AGE_MIN,,18,,,Age >= 18 at the beginning of PY
CMMI,EPISODE,KCC,TRIG_EX_01,,,PRF_BEG,PRF_END,-15,MONTH,-3,MONTH,,,,,,IP,IPA,,,,,MS_DRG,,,K,,Exclude recent kidney transplant
CMMI,EPISODE,KCC,TRIG_EX_01,,,PRF_BEG,PRF_END,-15,MONTH,-3,MONTH,,,,,,IP,IPA,,,,,PX,,,K,,Exclude recent kidney transplant
CMMI,EPISODE,KCC,TRIG_EX_02,,,PRF_BEG,PRF_END,-6,MONTH,-3,MONTH,,,,,,HSP,,,,,,,,,,,Exclude recent hospice care
CMMI,EPISODE,KCC,TRIG_EX_03,KCC_ESRD,,PRF_BEG,PRF_END,-6,MONTH,-3,MONTH,2,,,,,OP,,,,,,BILL_TYPE,,72,,1,Exclude >=2 recent AKI Dialysis
CMMI,EPISODE,KCC,TRIG_EX_03,KCC_ESRD,,PRF_BEG,PRF_END,-6,MONTH,-3,MONTH,2,,,,,OP,,,,,,DX,1,,F,2,Exclude >=2 recent AKI Dialysis
CMMI,EPISODE,KCC,EPI_IN_01,,,PRF_BEG,PRF_END,,,,,,,,,,IP,IPA,,CASE_ID,,,MS_DRG,,,K,,Kidney Transplant
CMMI,EPISODE,KCC,EPI_IN_01,,,PRF_BEG,PRF_END,,,,,,,,,,IP,IPA,,CASE_ID,,,PX,,,K,,Kidney Transplant
CMMI,EPISODE,KCC,EPI_IN_021,,,PRF_BEG,PRF_END,,,,,,,,,,PHYS,,,,,,CPT,,,H,,MCP Home
CMMI,EPISODE,KCC,EPI_IN_022,,,PRF_BEG,PRF_END,,,,,,,,,,PHYS,,,,,,CPT,,,X,,MCP 4 Visits/Month
CMMI,EPISODE,KCC,EPI_IN_023,,,PRF_BEG,PRF_END,,,,,,,,,,PHYS,,,,,,CPT,,,Y,,MCP 2-3 Visits/Month
CMMI,EPISODE,KCC,EPI_IN_024,,,PRF_BEG,PRF_END,,,,,,,,,,PHYS,,,,,,CPT,,,Z,,MCP 1 Visit/Month
CMMI,EPISODE,KCC,EPI_IN_03,,,PRF_BEG,PRF_END,,,,,,,,,,PHYS,,,,,,CPT,,,Q,1,QCP
CMMI,EPISODE,KCC,EPI_IN_03,,,PRF_BEG,PRF_END,,,,,,,,,,PHYS,,,,,,LINE_PRF_SPEC,,39,,2,Nephrologist
CMMI,EPISODE,KCC,EPI_IN_041,,,PRF_BEG,PRF_END,,,,,,,,,,OP,,,,,,BILL_TYPE,,72,,1,AKI Dialysis
CMMI,EPISODE,KCC,EPI_IN_041,,,PRF_BEG,PRF_END,,,,,,,,,,OP,,,,,,DX,1,,F,2,AKI Dialysis
CMMI,EPISODE,KCC,EPI_IN_042,,,PRF_BEG,PRF_END,,,,,,,,,,IP,IPA,,CASE_ID,,,MS_DRG,,,F,,AKI Diagnosis
CMMI,EPISODE,KCC,EPI_IN_043,,,PRF_BEG,PRF_END,,,,,,,,,,,,,,,,DX,1,,F,,AKI Diagnosis
CMMI,EPISODE,KCC,EPI_IN_043,,,PRF_BEG,PRF_END,,,,,,,,,,,,,,,,CPT,,,F,,AkI Procedure
CMMI,EPISODE,KCC,EPI_IN_05,,,PRF_BEG,PRF_END,,,,,,,,,,OP,,,,,,BILL_TYPE,,72,,,ESRD Dialysis
CMMI,EPISODE,KCC,EPI_IN_061,,,PRF_BEG,PRF_END,,,,,,,,,,,,,,,,CPT,,,A,,Dialysis Access Installation-AF
CMMI,EPISODE,KCC,EPI_IN_062,,,PRF_BEG,PRF_END,,,,,,,,,,,,,,,,CPT,,,B,,Dialysis Access Installation-AV
CMMI,EPISODE,KCC,EPI_IN_063,,,PRF_BEG,PRF_END,,,,,,,,,,,,,,,,CPT,,,C,,Dialysis Access Installation-Catheter
CMMI,EPISODE,KCC,EPI_IN_064,,,PRF_BEG,PRF_END,,,,,,,,,,,,,,,,CPT,,,D,,Dialysis Access Maintenance
CMMI,EPISODE,KCC,EPI_IN_07,,,PRF_BEG,PRF_END,,,,,,,,,,,,,,,,DX,1,,M,,CKD Care
CMMI,EPISODE,KCC,EPI_IN_08,,,PRF_BEG,PRF_END,,,,,,,,,,,,,,,,,,,,,All Medical Care
GAM,MEASURE,GAM_08,LEVEL,,BENE,INDEX_BEG,INDEX_BEG,-3,MONTH,,,,,,,,,,,,,,,,,,,Dedup Denominators at Beneficiary Level
GAM,MEASURE,GAM_08,DENOM_IN_01,,,PRF_BEG,PRF_END,,,,,,,,,,OP/PHYS,,SVC_THRU_DT,,,,CPT,,,A,1,Denominator Breast Surgery
GAM,MEASURE,GAM_08,DENOM_IN_01,,,PRF_BEG,PRF_END,,,,,,,,,,OP/PHYS,,,,,,DX,,,A,2,Denominator Breast Cancer Diagnosis
GAM,MEASURE,GAM_08,DENOM_IN_01,,,PRF_BEG,PRF_END,,,,,,,,,,OP/PHYS,,,,,,DX,1,,E,X,Surgery for Cosmetic Purpose
GAM,MEASURE,GAM_08,ELIG_01,,,INDEX_BEG,INDEX_BEG,-3,MONTH,,,,,,,,ENROLL,,,,,,ENROLL_GAP,,0,,,No Enrollment Gap
GAM,MEASURE,GAM_08,ELIG_02,,,INDEX_BEG,INDEX_BEG,,,,,,,,,,ENROLL,,,,,,AGE_MIN,,18,,,Age>= 18 at the Surgery
GAM,MEASURE,GAM_08,DENOM_EX_01,,,INDEX_BEG,INDEX_BEG,-3,MONTH,-1,DAY,,,,,,,,,,,,CPT,,,A,,Exclude Prior Breast Surgery
GAM,MEASURE,GAM_08,NUM_IN_01,,,INDEX_BEG,INDEX_BEG,-3,MONTH,-1,DAY,,,,,,,,,,,,CPT,,,M,,Use of Needle Biopsy Before Breast Surgery
GAM,MEASURE,GAM_04,LEVEL,,BENE,INDEX_BEG,INDEX_END,-365,DAY,3,MONTH,,,,,,,,,,,,,,,,,Dedup Denominators at Beneficiary Level
GAM,MEASURE,GAM_04,DENOM_IN_01,,,PRF_BEG,PRF_END,,,,,,,,,,,,,,,,DX,,,A,,Denominator Diagnosis for Asymptomic Carotid Artery Stenosis
GAM,MEASURE,GAM_04,ELIG_01,,,INDEX_BEG,INDEX_END,,,3,MONTH,,,,,,ENROLL,,,,,,ENROLL_GAP,,0,,,No Enrollment Gap
GAM,MEASURE,GAM_04,ELIG_02,,,INDEX_BEG,INDEX_BEG,,,,,,,,,,ENROLL,,,,,,AGE_MIN,,18,,,Age>= 18 at the Diagnosis
GAM,MEASURE,GAM_04,DENOM_EX_01,,,INDEX_BEG,INDEX_BEG,-365,DAY,-1,DAY,,,,,,,,,,,,CPT,,,M,,CEA/CAS before Denominator Diagnosis
GAM,MEASURE,GAM_04,DENOM_EX_02,,,INDEX_BEG,INDEX_END,-365,DAY,3,MONTH,,,,,,,,,,,,DX,,,E,,Diagnosis for Symptomic Carotid Artery Stenosis/Ischemic Stroke
GAM,MEASURE,GAM_04,DENOM_EX_03,,,INDEX_BEG,INDEX_END,-365,DAY,3,MONTH,,,,,,,,,,,,CPT,,,M,,CEA/CAS before and after Denominator Diagnosis
GAM,MEASURE,GAM_04,DENOMINATOR_EX_01,,DENOM_EX_01,,,,,,,,,,,,,,,,,,,,,,,Exclude CEA/CAS before Denominator Diagnosis
GAM,MEASURE,GAM_04,DENOMINATOR_EX_02,,DENOM_EX_02<DENOM_EX_03,PRF_BEG,PRF_END,,,,,,,,,,,,,,,,,,,,,Exclude CEA/CAS before Diagnosis of Symptomic Carotid Artery Stenosis/Ischemic Stroke
GAM,MEASURE,GAM_04,NUM_IN_01,,,INDEX_BEG,INDEX_END,,,3,MONTH,,,,,,,,,,,,CPT,,,M,,CEA/CAS
GAM,MEASURE,GAM_33,LEVEL,,DENOMINATOR,INDEX_BEG,INDEX_END,-6,MONTH,3,MONTH,,,,,,,,,,,,,,,,,Dedup Denominators at Denominator Event Level
GAM,MEASURE,GAM_33,DENOM_IN_01,,,PRF_BEG,PRF_END,,,,,,,,,,,,SVC_THRU_DT,,,,CPT,,,A,,Denominator Cataract Surgery
GAM,MEASURE,GAM_33,ELIG_01,,,INDEX_BEG,INDEX_END,-6,MONTH,3,MONTH,,,,,,ENROLL,,,,,,ENROLL_GAP,,0,,,No Enrollment Gap
GAM,MEASURE,GAM_33,ELIG_02,,,INDEX_END,INDEX_END,,,3,MONTH,,,,,,ENROLL,,,,,,DOD,,0,,,Not die
GAM,MEASURE,GAM_33,DENOM_EX_01,,,INDEX_BEG,INDEX_END,-6,MONTH,3,MONTH,,,,,,,,,,,,DX,,,E,,"Exclude Blepharitis, Conjunctivitis, Keratitis, Or Uveitis"
GAM,MEASURE,GAM_33,NUM_IN_01,,,INDEX_BEG,INDEX_END,-3,MONTH,1,MONTH,,,,,,RX,,,,,,NDC,,,M,,Eye Drop Drugs
GAM,MEASURE,GAM_34,LEVEL,,DENOMINATOR,INDEX_END,INDEX_END,-12,MONTH,90,DAY,,,,,,,,,,,,,,,,,Dedup Denominators at Denominator Event Level
GAM,MEASURE,GAM_34,DENOM_IN_01,,,PRF_BEG,PRF_END,,,,,,,,,,PHYS,,SVC_THRU_DT,,,,CPT,,,A,,Denominator Cataract Surgery
GAM,MEASURE,GAM_34,ELIG_01,,,INDEX_BEG,INDEX_END,-12,MONTH,90,DAY,,,,,,ENROLL,,,,,,ENROLL_GAP,,0,,,No Enrollment Gap
GAM,MEASURE,GAM_34,DENOM_EX_01,,,INDEX_BEG,INDEX_END,-12,MONTH,,,,,,,,,,,,,,DX,,,E,,Exclude Prior Diagnosis of Endophthalmitis
GAM,MEASURE,GAM_34,NUM_IN_01,,,INDEX_END,INDEX_END,1,DAY,90,DAY,,,,,,,,,,,,DX,,,E,,Diagnosis Of Endophthalmitis after Cataract Surgery
NQF,MEASURE,NQF_0041,LEVEL,,BENE,PRF_BEG,PRF_BEG,-5,MONTH,3,MONTH,,,,,,,,,,,,,,,,,Dedup Denominators at Beneficiary Level
NQF,MEASURE,NQF_0041,DENOM_IN_01,,,PRF_BEG,PRF_BEG,-3,MONTH,3,MONTH,,,,,,PHYS,,SVC_THRU_DT,LINE_NUM,LINE_POS_CD^='02',,CPT,,,A,,Denominator Encounter visit
NQF,MEASURE,NQF_0041,DENOM_IN_01,,,PRF_BEG,PRF_BEG,-3,MONTH,3,MONTH,,,,,,PHYS,,SVC_THRU_DT,LINE_NUM,,,CPT_MOD,,GQ/GT/95,,X,Denominator Encounter visit - exclude Telehealth Modifier
NQF,MEASURE,NQF_0041,DENOM_IN_02,,,PRF_BEG,PRF_BEG,-3,MONTH,3,MONTH,,,,,,PHYS,,SVC_THRU_DT,LINE_NUM,LINE_POS_CD^='02',LINE_DNL_FLAG^=1,CPT,,,B,,Denominator Encounter visit
NQF,MEASURE,NQF_0041,DENOM_IN_02,,,PRF_BEG,PRF_BEG,-3,MONTH,3,MONTH,,,,,,PHYS,,SVC_THRU_DT,LINE_NUM,,,CPT_MOD,,GQ/GT/95,,X,Denominator Encounter visit - exclude Telehealth Modifier
NQF,MEASURE,NQF_0041,DENOM_IN_03,,,PRF_BEG,PRF_BEG,-5,MONTH,3,MONTH,,,,,,PHYS,,SVC_THRU_DT,,,,CPT,,G8482,,,Influenza immunization administered or previously received
NQF,MEASURE,NQF_0041,DENOM_IN_04,,,PRF_BEG,PRF_BEG,-3,MONTH,3,MONTH,,,,,,PHYS,,SVC_THRU_DT,,,,CPT,,G8483/G8484,,,Influenza immunization not administered
NQF,MEASURE,NQF_0041,DENOMINATOR_IN_01,,DENOM_IN_01+DENOM_IN_03,,,,,,,,,,,,,,,,,,,,,,,Denominator with Influenza immunization administered
NQF,MEASURE,NQF_0041,DENOMINATOR_IN_02,,DENOM_IN_01+DENOM_IN_04,,,,,,,,,,,,,,,,,,,,,,,Denominator Encounter visit without Influenza immunization not administered
NQF,MEASURE,NQF_0041,DENOMINATOR_IN_03,,DENOM_IN_02+DENOM_IN_03,,,,,,,,,,,,,,,,,,,,,,,Denominator with Influenza immunization administered
NQF,MEASURE,NQF_0041,DENOMINATOR_IN_04,,DENOM_IN_02+DENOM_IN_04,,,,,,,,,,,,,,,,,,,,,,,Denominator Encounter visit without Influenza immunization not administered
NQF,MEASURE,NQF_0041,ELIG_01,,,PRF_BEG,PRF_BEG,-5,MONTH,3,MONTH,,,,,,ENROLL,,,,,,ENROLL_GAP,,0,,,No Enrollment Gap
NQF,MEASURE,NQF_0041,ELIG_02,,,INDEX_BEG,INDEX_BEG,,,,,,,,,,ENROLL,,,,,,AGE_MIN,,0.5,,,Age >= 6 month at the qualitifed denominator encounter visit
NQF,MEASURE,NQF_0041,DENOM_EX_01,,,PRF_BEG,PRF_BEG,-3,MONTH,3,MONTH,,,,,,PHYS,,SVC_THRU_DT,,,,CPT,,G8483,,,Exclude Influenza Immunization not Administered for Documented Reasons
NQF,MEASURE,NQF_0041,DENOM_EX_01,,,PRF_BEG,PRF_BEG,-5,MONTH,3,MONTH,,,,,,PHYS,,SVC_THRU_DT,,,,CPT,,G8482,,X,Exclude Influenza Immunization not Administered for Documented Reasons
NQF,MEASURE,NQF_0041,NUM_IN_01,,,PRF_BEG,PRF_BEG,-5,MONTH,3,MONTH,,,,,,PHYS,,SVC_THRU_DT,,,,CPT,,G8482,,,Influenza Immunization Administered
LVC,MEASURE,LVC_01,LEVEL,,BENE,INDEX_BEG,INDEX_END,-180,DAY,,,,,,,,,,,,,,,,,,,Dedup Denominators at Beneficiary Level
LVC,MEASURE,LVC_01,DENOM_IN_01,,,PRF_BEG,PRF_END,,,,,,,,,,OP,,,,,,DX,,Z01810/Z01811/Z01812/Z01818,,,Encounter for preprocedural examinations - OP only no ED
LVC,MEASURE,LVC_01,DENOM_IN_01,,,PRF_BEG,PRF_END,,,,,,,,,,OP,ER,,,,,,,,,X,Encounter for preprocedural examinations - OP only no ED
LVC,MEASURE,LVC_01,ELIG_01,,,INDEX_BEG,INDEX_END,-180,DAY,,,,,,,,ENROLL,,,,,,ENROLL_GAP,,0,,,No Enrollment Gap
LVC,MEASURE,LVC_01,DENOM_EX_01,,,INDEX_BEG,INDEX_BEG,-180,DAY,-1,DAY,,,,,,IP/OP,,,,,,DX,,,E,,Exclude patients with symptoms or history of lung disease
LVC,MEASURE,LVC_01,NUM_IN_01,,,INDEX_CLAIM,,,,,,,,,,,,,,,,,CPT,,71045/71046/71010/71020,,,Chest radiography
LVC,MEASURE,LVC_01,NUM_IN_01,,,INDEX_CLAIM,,,,,,,,,,,,,,,,,PX,,BW03ZZZ,,,Chest radiography
LVC,MEASURE,LVC_02,LEVEL,,BENE,INDEX_BEG,INDEX_END,-30,DAY,,,,,,,,,,,,,,,,,,,Dedup Denominators at Beneficiary Level
LVC,MEASURE,LVC_02,DENOM_IN_01,,,PRF_BEG,PRF_END,,,,,,,,,,IP/OP,,,,,,DX,,,A,,"Encounter for acute foot trauma - IP/OP including ED

"
LVC,MEASURE,LVC_02,ELIG_01,,,INDEX_BEG,INDEX_END,,,,,,,,,,ENROLL,,,,,,ENROLL_GAP,,0,,,No Enrollment Gap
LVC,MEASURE,LVC_02,ELIG_02,,,INDEX_BEG,INDEX_END,,,,,,,,,,ENROLL,,,,,,AGE_MIN,,5,,,Age >= 5 at the denominator encounter visit
LVC,MEASURE,LVC_02,DENOM_EX_01,,,INDEX_BEG,INDEX_BEG,-30,DAY,-1,DAY,,,,,,IP/OP,,,,,,DX,,,A,,"Exclude prior acute foot trauma

"
LVC,MEASURE,LVC_02,NUM_IN_01,,,INDEX_CLAIM,,,,,,,,,,,,,,,,,CPT,,73700/73701/73702/73718,,,Advanced imaging
LVC,MEASURE,LVC_02,NUM_IN_01,,,INDEX_CLAIM,,,,,,,,,,,,,,,,,PX,,BW03ZZZ,,,Advanced imaging
LVC,MEASURE,LVC_03,LEVEL,,BENE,INDEX_BEG,INDEX_END,,,,,,,,,,,,,,,,,,,,,Dedup Denominators at Beneficiary Level
LVC,MEASURE,LVC_03,DENOM_IN_01,,,PRF_BEG,PRF_END,,,,,,,,,,OP,,,,,,DX,,S060X0A,,,"Concussion without loss of consciousness, initial encounter"
LVC,MEASURE,LVC_03,ELIG_01,,,INDEX_BEG,INDEX_END,,,,,,,,,,ENROLL,,,,,,ENROLL_GAP,,0,,,No Enrollment Gap
LVC,MEASURE,LVC_03,NUM_IN_01,,,INDEX_CLAIM,,,,,,,,,,,,,,,,,CPT,,70551/70552/70553,,,Brain MRI
LVC,MEASURE,LVC_03,NUM_IN_01,,,INDEX_CLAIM,,,,,,,,,,,,,,,,,PX,,B030Y0Z/B030YZZ/B030ZZZ,,,Brain MRI
LVC,MEASURE,LVC_04_12,LEVEL,,DENOMINATOR,INDEX_BEG,INDEX_END,-180,DAY,,,,,,,,,,,,,,,,,,,Dedup Denominators at Beneficiary Level
LVC,MEASURE,LVC_04_12,DENOM_IN_01,,,PRF_BEG,PRF_END,,,,,,,,,,IP/OP,,,,,,DX,,,A,,Encounter for uncomplicated acute rhinosinusitis
LVC,MEASURE,LVC_04_12,ELIG_01,,,INDEX_BEG,INDEX_END,-180,DAY,,,,,,,,ENROLL,,,,,,ENROLL_GAP,,0,,,No Enrollment Gap
LVC,MEASURE,LVC_04_12,DENOM_EX_01,,,INDEX_BEG,INDEX_BEG,-180,DAY,-1,DAY,,,,,,IP/OP,,,,,,DX,,,E,,Exclude patients with a history of chronic sinusitis
LVC,MEASURE,LVC_04_12,NUM_IN_01,,,INDEX_CLAIM,,,,,,,,,,,,,,,,,CPT,,70486/70487/70488,,,Sinus CT
LVC,MEASURE,LVC_04_12,NUM_IN_01,,,INDEX_CLAIM,,,,,,,,,,,,,,,,,PX,,BN250ZZ/BN251ZZ/BN25YZZ/BN25ZZZ,,,Sinus CT
LVC,MEASURE,LVC_04_12,NUM_IN_02,,,INDEX_CLAIM,,,,,,,,,,,,,,,,,CPT,,31231/31233/31235,,,Nasal endoscopy 
LVC,MEASURE,LVC_04_12,NUM_IN_02,,,INDEX_CLAIM,,,,,,,,,,,,,,,,,PX,,,N,,Nasal endoscopy 
LVC,MEASURE,LVC_05,LEVEL,,DENOMINATOR,INDEX_BEG,INDEX_END,,,,,,,,,,,,,,,,,,,,,Dedup Denominators at Beneficiary Level
LVC,MEASURE,LVC_05,DENOM_IN_01,,,PRF_BEG,PRF_END,,,,,,,,,,IP/OP,,,,,,CPT,,74150/74160/74170,,,Abdominal CT
LVC,MEASURE,LVC_05,DENOM_IN_01,,,PRF_BEG,PRF_END,,,,,,,,,,IP/OP,,,,,,PX,,BW2000Z/BW2010Z/BW20Y0Z,,,Abdominal CT
LVC,MEASURE,LVC_05,ELIG_01,,,INDEX_BEG,INDEX_END,,,,,,,,,,ENROLL,,,,,,ENROLL_GAP,,0,,,No Enrollment Gap
LVC,MEASURE,LVC_05,NUM_IN_01,,,INDEX_CLAIM,,,,,,,,,,,,,,,,,CPT,,74150,,1,Abdominal CT with contrast
LVC,MEASURE,LVC_05,NUM_IN_01,,,INDEX_CLAIM,,,,,,,,,,,,,,,,,CPT,,74160,,2,Abdominal CT without contrast
LVC,MEASURE,LVC_05,NUM_IN_01,,,INDEX_CLAIM,,,,,,,,,,,,,,,,,CPT,,74170,,,Abdominal CT with and without contrast
LVC,MEASURE,LVC_05,NUM_IN_01,,,INDEX_CLAIM,,,,,,,,,,,,,,,,,PX,,BW2000Z/BW2010Z/BW20Y0Z,,,Abdominal CT with and without contrast
LVC,MEASURE,LVC_07_10,LEVEL,,DENOMINATOR,INDEX_BEG,INDEX_END,-60,DAY,,,,,,,,,,,,,,,,,,,Dedup Denominators at Beneficiary Level
LVC,MEASURE,LVC_07_10,DENOM_IN_01,,,PRF_BEG,PRF_END,,,,,,,,,,OP,,,,,,DX,,M545,,,Encounter for low back pain
LVC,MEASURE,LVC_07_10,ELIG_01,,,INDEX_BEG,INDEX_END,-60,DAY,,,,,,,,ENROLL,,,,,,ENROLL_GAP,,0,,,No Enrollment Gap
LVC,MEASURE,LVC_07_10,DENOM_EX_01,,,INDEX_BEG,INDEX_BEG,-60,DAY,-1,DAY,,,,,,,,,,,,DX,,,E,,Exclude patients that meet the red flag conditions
LVC,MEASURE,LVC_07_10,NUM_IN_01,,,INDEX_CLAIM,,,,,,,,,,,,,,,,,CPT,,72148,,1,MRI of lumber spine
LVC,MEASURE,LVC_07_10,NUM_IN_01,,,INDEX_CLAIM,,,,,,,,,,,,,,,,,CPT,,72149,,2,MRI of lumber spine
LVC,MEASURE,LVC_07_10,NUM_IN_01,,,INDEX_CLAIM,,,,,,,,,,,,,,,,,CPT,,72158,,,MRI of lumber spine
LVC,MEASURE,LVC_07_10,NUM_IN_01,,,INDEX_CLAIM,,,,,,,,,,,,,,,,,PX,,BR39Y0Z/BR39YZZ/BR39ZZZ,,,MRI of lumber spine
LVC,MEASURE,LVC_07_10,NUM_IN_02,,,INDEX_CLAIM,,,,,,,,,,,,,,,,,CPT,,22558/22612/22630/22633,,,Lumbar laminectomy or spinal fusion
LVC,MEASURE,LVC_07_10,NUM_IN_02,,,INDEX_CLAIM,,,,,,,,,,,,,,,,,PX,, ,N,,Lumbar laminectomy or spinal fusion
LVC,MEASURE,LVC_08,LEVEL,,DENOMINATOR,INDEX_BEG,INDEX_END,,,,,,,,,,,,,,,,,,,,,Dedup Denominators at Beneficiary Level
LVC,MEASURE,LVC_08,DENOM_IN_01,,,PRF_BEG,PRF_END,,,,,,,,,,IP/OP,,,,,,DX,,M545,,,Encounter for low back pain
LVC,MEASURE,LVC_08,ELIG_01,,,INDEX_BEG,INDEX_END,,,,,,,,,,ENROLL,,,,,,ENROLL_GAP,,0,,,No Enrollment Gap
LVC,MEASURE,LVC_08,NUM_IN_01,,,INDEX_CLAIM,,,,,,,,,,,,,,,,,CPT,,97012,,,Traction treatment
LVC,MEASURE,LVC_08,NUM_IN_01,,,INDEX_CLAIM,,,,,,,,,,,,,,,,,PX,,2W65X0Z/2W65XZZ,,,Traction treatment
LVC,MEASURE,LVC_09,LEVEL,,DENOMINATOR,INDEX_BEG,INDEX_END,,,,,,,,,,,,,,,,,,,,,Dedup Denominators at Beneficiary Level
LVC,MEASURE,LVC_09,DENOM_IN_01,,,PRF_BEG,PRF_END,,,,,,,,,,IP/OP/PHYS,,,,,,CPT,,,N,,Hysterectomy
LVC,MEASURE,LVC_09,DENOM_IN_01,,,PRF_BEG,PRF_END,,,,,,,,,,IP/OP/PHYS,,,,,,PX,,,N,,Hysterectomy
LVC,MEASURE,LVC_09,ELIG_01,,,INDEX_BEG,INDEX_END,,,,,,,,,,ENROLL,,,,,,ENROLL_GAP,,0,,,No Enrollment Gap
LVC,MEASURE,LVC_09,ELIG_02,,,INDEX_BEG,INDEX_END,,,,,,,,,,ENROLL,,,,,,GENDER,,F,,,Gender = Female
LVC,MEASURE,LVC_09,NUM_IN_01,,,INDEX_CLAIM,,,,,,,,,,,,,,,,,DX,,,E,,Cancer diagnosis of a pelvic organ
LVC,MEASURE,LVC_11,LEVEL,,DENOMINATOR,INDEX_BEG,INDEX_END,,,60,DAY,,,,,,,,,,,,,,,,,Dedup Denominators at Beneficiary Level
LVC,MEASURE,LVC_11,DENOM_IN_01,,,PRF_BEG,PRF_END,,,,,,,,,,IP/OP,,,,,,DX,,,A,,Diagnosis of osteoarthritis without knee trauma or replacement
LVC,MEASURE,LVC_11,DENOM_IN_01,,,PRF_BEG,PRF_END,,,,,,,,,,IP/OP,,,,,,DX,,,E,X,Diagnosis of osteoarthritis without knee trauma or replacement
LVC,MEASURE,LVC_11,DENOM_IN_01,,,PRF_BEG,PRF_END,,,,,,,,,,IP/OP,,,,,,CPT,,27447,,X,Diagnosis of osteoarthritis without knee trauma or replacement
LVC,MEASURE,LVC_11,DENOM_IN_01,,,PRF_BEG,PRF_END,,,,,,,,,,IP/OP,,,,,,PX,,,E,X,Diagnosis of osteoarthritis without knee trauma or replacement
LVC,MEASURE,LVC_11,ELIG_01,,,INDEX_BEG,INDEX_END,,,60,DAY,,,,,,ENROLL,,,,,,ENROLL_GAP,,0,,,No Enrollment Gap
LVC,MEASURE,LVC_11,NUM_IN_01,,,INDEX_BEG,INDEX_END,,,60,DAY,,,,,,IP/OP,,,,,,CPT,,,N,,Meniscectomy
LVC,MEASURE,LVC_11,NUM_IN_01,,,INDEX_BEG,INDEX_END,,,60,DAY,,,,,,IP/OP,,,,,,PX,,0SBC4ZZ/0SBD4ZZ,,,Meniscectomy
LVC,MEASURE,LVC_13,LEVEL,,BENE,PRF_BEG,PRF_END,,,,,,,,,,,,,,,,,,,,,Dedup Denominators at Beneficiary Level
LVC,MEASURE,LVC_13,ELIG_01,,,PRF_BEG,PRF_END,,,,,,,,,,ENROLL,,,,,,ENROLL_GAP,,44,,,Enrollment gap<45 days
LVC,MEASURE,LVC_13,ELIG_02,,,PRF_BEG,PRF_BEG,,,,,,,,,,ENROLL,,,,,,GENDER,,F,,,Gender = Female
LVC,MEASURE,LVC_13,ELIG_03,,,PRF_BEG,PRF_BEG,,,,,,,,,,ENROLL,,,,,,AGE_MIN,,65,,,Age>=65
LVC,MEASURE,LVC_13,DENOM_EX_01,,,PRF_BEG,PRF_END,,,,,,,,,,,,,,,,DX,,,E,,Exclude cervical atypia
LVC,MEASURE,LVC_13,NUM_IN_01,,,PRF_BEG,PRF_END,,,,,,,,,,OP/PHYS,,,,,,DX,,,N,1,Screening for cervical cancer 
LVC,MEASURE,LVC_13,NUM_IN_01,,,PRF_BEG,PRF_END,,,,,,,,,,OP/PHYS,,,,,,CPT,,,N,2,PAP smears
LVC,MEASURE,LVC_13,NUM_IN_01,,,PRF_BEG,PRF_END,,,,,,,,,,OP/PHYS,ER,,,,,,,,,X,No ED
LVC,MEASURE,LVC_14,LEVEL,,BENE,PRF_BEG,PRF_END,,,,,,,,,,,,,,,,,,,,,Dedup Denominators at Beneficiary Level
LVC,MEASURE,LVC_14,ELIG_01,,,PRF_BEG,PRF_END,,,,,,,,,,ENROLL,,,,,,ENROLL_GAP,,44,,,Enrollment gap<45 days
LVC,MEASURE,LVC_14,ELIG_02,,,PRF_BEG,PRF_BEG,,,,,,,,,,ENROLL,,,,,,GENDER,,F,,,Gender = Female
LVC,MEASURE,LVC_14,ELIG_03,,,PRF_BEG,PRF_BEG,,,,,,,,,,ENROLL,,,,,,AGE_MIN,,85,,,Age>=65
LVC,MEASURE,LVC_14,NUM_IN_01,,,PRF_BEG,PRF_END,,,,,,,,,,OP/PHYS,,,,,,DX,,Z1231,,1,Screening for breast cancer
LVC,MEASURE,LVC_14,NUM_IN_01,,,PRF_BEG,PRF_END,,,,,,,,,,OP/PHYS,,,,,,CPT,,G0202/77067/77063,,2,Screening mammogram
LVC,MEASURE,LVC_14,NUM_IN_01,,,PRF_BEG,PRF_END,,,,,,,,,,OP/PHYS,ER,,,,,,,,,X,No ED
LVC,MEASURE,LVC_15,LEVEL,,BENE,PRF_BEG,PRF_END,,,,,,,,,,,,,,,,,,,,,Dedup Denominators at Beneficiary Level
LVC,MEASURE,LVC_15,ELIG_01,,,PRF_BEG,PRF_END,,,,,,,,,,ENROLL,,,,,,ENROLL_GAP,,44,,,Enrollment gap<45 days
LVC,MEASURE,LVC_15,ELIG_02,,,PRF_BEG,PRF_BEG,,,,,,,,,,ENROLL,,,,,,AGE_MIN,,80,,,Age>=80
LVC,MEASURE,LVC_15,NUM_IN_01,,,PRF_BEG,PRF_END,,,,,,,,,,OP/PHYS,,,,,,DX,,Z1211,,1,Screening for colon cancer
LVC,MEASURE,LVC_15,NUM_IN_01,,,PRF_BEG,PRF_END,,,,,,,,,,OP/PHYS,,,,,,CPT,,,N,2,Colon screening
LVC,MEASURE,LVC_15,NUM_IN_01,,,PRF_BEG,PRF_END,,,,,,,,,,OP/PHYS,ER,,,,,,,,,X,No ED
LVC,MEASURE,LVC_16,LEVEL,,BENE,PRF_BEG,PRF_END,-180,DAY,,,,,,,,,,,,,,,,,,,Dedup Denominators at Beneficiary Level
LVC,MEASURE,LVC_16,ELIG_01,,,PRF_BEG,PRF_END,,,,,,,,,,ENROLL,,,,,,ENROLL_GAP,,44,,,Enrollment gap<45 days
LVC,MEASURE,LVC_16,ELIG_02,,,PRF_BEG,PRF_BEG,,,,,,,,,,ENROLL,,,,,,AGE_MIN,,80,,,Age>=80
LVC,MEASURE,LVC_16,DENOM_EX_01,,,PRF_BEG,PRF_END,-180,DAY,,,,,,,,,,,,,,DX,,,E,,Exclude cervical atypia
LVC,MEASURE,LVC_16,NUM_IN_01,,,PRF_BEG,PRF_END,,,,,,,,,,OP/PHYS,,,,,,CPT,,93880/3100F,,,Carotid imaging 
LVC,MEASURE,LVC_16,NUM_IN_01,,,PRF_BEG,PRF_END,,,,,,,,,,OP/PHYS,,,,,,PX,,,N,,Carotid imaging 
LVC,MEASURE,LVC_16,NUM_IN_01,,,PRF_BEG,PRF_END,,,,,,,,,,OP/PHYS,ER,,,,,,,,,X,No ED
LVC,MEASURE,LVC_17,LEVEL,,DENOMINATOR,INDEX_BEG,INDEX_END,,,,,,,,,,,,,,,,,,,,,Dedup Denominators at Beneficiary Level
LVC,MEASURE,LVC_17,DENOM_IN_01,,,PRF_BEG,PRF_END,,,,,,,,,,IP/OP,,,,,,DX,,,A,,Congestive heart failure 
LVC,MEASURE,LVC_17,DENOM_IN_01,,,PRF_BEG,PRF_END,,,,,,,,,,IP/OP,,,,,,DX,,,E,X,Digoxin toxicity
LVC,MEASURE,LVC_17,ELIG_01,,,INDEX_BEG,INDEX_END,,,,,,,,,,ENROLL,,,,,,ENROLL_GAP,,0,,,No Enrollment Gap
LVC,MEASURE,LVC_17,NUM_IN_01,,,INDEX_CLAIM,,,,,,,,,,,,,,,,,CPT,,80162,,,Assay of digoxin total
LVC,MEASURE,LVC_18,LEVEL,,BENE,INDEX_BEG,INDEX_END,,,,,,,,,,,,,,,,,,,,,Dedup Denominators at Beneficiary Level
LVC,MEASURE,LVC_18,DENOM_IN_01,,,PRF_BEG,PRF_END,,,,,,,,,,IP,,,,,,DX,,R55,,,Syncope and collapse
LVC,MEASURE,LVC_18,ELIG_01,,,INDEX_BEG,INDEX_END,,,,,,,,,,ENROLL,,,,,,ENROLL_GAP,,0,,,No Enrollment Gap
LVC,MEASURE,LVC_18,NUM_IN_01,,,INDEX_CASE,,,,,,,,,,,,,,,,,CPT,,,N,,EEG Monitoring 
LVC,MEASURE,LVC_18,NUM_IN_01,,,INDEX_CASE,,,,,,,,,,,,,,,,,PX,,,N,,EEG Monitoring 
HEDIS,MEASURE,HEDIS_BCS,LEVEL,,BENE,PRF_BEG,PRF_END,-15,MONTH,,,,,,,,,,,,,,,,,,,Dedup Denominators at Beneficiary Level
HEDIS,MEASURE,HEDIS_BCS,ELIG_01,,,PRF_BEG,PRF_END,-15,MONTH,,,,,,,,ENROLL,,,,,,ENROLL_GAP,,365,,,Enrollment Gap no more than a year
HEDIS,MEASURE,HEDIS_BCS,ELIG_02,,,PRF_BEG,PRF_BEG,,,,,,,,,,ENROLL,,,,,,GENDER,,F,,,Gender=Female
HEDIS,MEASURE,HEDIS_BCS,ELIG_03,,,PRF_END,PRF_END,,,,,,,,,,ENROLL,,,,,,AGE_MIN,,52,,,Age>=52
HEDIS,MEASURE,HEDIS_BCS,ELIG_04,,,PRF_END,PRF_END,,,,,,,,,,ENROLL,,,,,,AGE_MAX,,74,,,Age<=74
HEDIS,MEASURE,HEDIS_BCS,DENOM_EX_01,,,PRF_BEG,PRF_END,-15,MONTH,,,,,,,,,,,,,,DX,,Z9013,,,Absence of bilateral breasts
HEDIS,MEASURE,HEDIS_BCS,DENOM_EX_01,,,PRF_BEG,PRF_END,-15,MONTH,,,,,,,,,,,,,,DX,,Z9011,,1,Absence of right breast
HEDIS,MEASURE,HEDIS_BCS,DENOM_EX_01,,,PRF_BEG,PRF_END,-15,MONTH,,,,,,,,,,,,,,DX,,Z9012,,2,Absence of left breast
HEDIS,MEASURE,HEDIS_BCS,DENOM_EX_02,,,PRF_BEG,PRF_END,,,,,,,,,,,,,,,,DX,,Z515,,,Palliative Care
HEDIS,MEASURE,HEDIS_BCS,DENOM_EX_02,,,PRF_BEG,PRF_END,,,,,,,,,,,,,,,,CPT,,G9054/M1017,,,Palliative Care
HEDIS,MEASURE,HEDIS_BCS,DENOM_EX_03,,,PRF_BEG,PRF_END,,,,,,,,,,,,,,,,CPT,,99377/99378/G0182,,,Hospice care
HEDIS,MEASURE,HEDIS_BCS,DENOM_EX_04,,,PRF_BEG,PRF_END,,,,,,,,,,SNF,,,,,,,,,,,Long-term Care
HEDIS,MEASURE,HEDIS_BCS,DENOM_EX_05,,,PRF_BEG,PRF_END,,,,,,,,,,,,,,,,CPT,,,F,,Frailty
HEDIS,MEASURE,HEDIS_BCS,DENOM_EX_05,,,PRF_BEG,PRF_END,,,,,,,,,,,,,,,,DX,,,F,,Frailty
HEDIS,MEASURE,HEDIS_BCS,DENOM_EX_06,,,PRF_BEG,PRF_END,,,,,,,,,,,,,,,,DX,,,V,,Advanced Illness
HEDIS,MEASURE,HEDIS_BCS,DENOM_EX_07,,,PRF_END,PRF_END,,,,,,,,,,,,,,,,AGE_MIN,,66,,,Age>=66
HEDIS,MEASURE,HEDIS_BCS,DENOMINATOR_EX_01,,DENOM_EX_01,,,,,,,,,,,,,,,,,,,,,,,Exclude beneficiaries with absence of bilateral breasts
HEDIS,MEASURE,HEDIS_BCS,DENOMINATOR_EX_02,,DENOM_EX_02,,,,,,,,,,,,,,,,,,,,,,,Exclude beneficiaries with palliative Care
HEDIS,MEASURE,HEDIS_BCS,DENOMINATOR_EX_03,,DENOM_EX_03,,,,,,,,,,,,,,,,,,,,,,,Exclude beneficiaries with hospice care
HEDIS,MEASURE,HEDIS_BCS,DENOMINATOR_EX_04,,DENOM_EX_04,,,,,,,,,,,,,,,,,,,,,,,Exclude beneficiaries with long-term Care
HEDIS,MEASURE,HEDIS_BCS,DENOMINATOR_EX_05,,DENOM_EX_05+DENOM_EX_06+DENOM_EX_07,,,,,,,,,,,,,,,,,,,,,,,Exclude beneficiaries age 66+ with frailty and advanced illness
HEDIS,MEASURE,HEDIS_BCS,NUM_IN_01,,,PRF_BEG,PRF_END,-15,MONTH,,,,,,,,,,,,,,CPT,,77061/77062/77063/77065/77067/G0202/G0204/G0206,,,Mammography
MERCK,COHORT,MERCK_GI,LEVEL,,SUB_COHORT,PRF_BEG,PRF_END,-1,YEAR,,,,,,,,,,,,,,,,,,,
MERCK,COHORT,MERCK_GI,COH_IN_01,Y,,PRF_BEG,PRF_END,-1,YEAR,,,,,,,,,,,,,,DX,,,SUB_F1,,GI cancer diagnosis
MERCK,COHORT,MERCK_GI,SVC_IN_01,,,PRF_BEG,PRF_END,-1,YEAR,,,,,,,,,,,,,,,,,,,All medical services during performance year and the year before
LILLY,COHORT,LILLY_ADRD_1_2,LEVEL,,SUB_COHORT,INDEX_BEG,INDEX_BEG,-12,MONTH,,,,,,,,,,,,,,,,,,,
LILLY,COHORT,LILLY_ADRD_1_2,COH_IN_01,Y,,PRF_BEG,PRF_END,,,,,,,,,,,,,,,,DX,,,SUB_F1,,Alzheimer’s and related dementias diagnosis
LILLY,COHORT,LILLY_ADRD_1_2,COH_IN_02,Y,,PRF_BEG,PRF_END,,,,,,,,,,IP/SNF/HHA/HSP,,,,,,DX,,,SUB_F1,,Alzheimer’s and related dementias diagnosis
LILLY,COHORT,LILLY_ADRD_1_2,COH_IN_03,Y,,PRF_BEG,PRF_END,,,,,2,7,,,,OP,RHC/FQHC/CAH,,,,,DX,,,SUB_F1,,Alzheimer’s and related dementias diagnosis
LILLY,COHORT,LILLY_ADRD_1_2,COH_IN_04,Y,,PRF_BEG,PRF_END,,,,,2,7,,,,PHYS,,,,,,DX,,,SUB_F1,,Alzheimer’s and related dementias diagnosis
LILLY,COHORT,LILLY_ADRD_1_2,COHORT_IN_01,,COH_IN_01+COH_IN_02,,,,,,,,,,,,,,,,,,,,,,,
LILLY,COHORT,LILLY_ADRD_1_2,COHORT_IN_02,,COH_IN_01+COH_IN_03,,,,,,,,,,,,,,,,,,,,,,,
LILLY,COHORT,LILLY_ADRD_1_2,COHORT_IN_03,,COH_IN_01+COH_IN_04,,,,,,,,,,,,,,,,,,,,,,,
LILLY,COHORT,LILLY_ADRD_1_2,ELIG_01,,,INDEX_BEG,INDEX_BEG,-12,MONTH,,,,,,,,ENROLL,,,,,,ENROLL_GAP,,44,,,Enrollment gap<45 days
LILLY,COHORT,LILLY_ADRD_1_2,ELIG_02,,,INDEX_BEG,INDEX_BEG,,,,,,,,,,ENROLL,,,,,,AGE_MIN,,65,,,Age>=65
LILLY,COHORT,LILLY_ADRD_1_2,COH_EX_01,LILLY_ADRD_1,,INDEX_BEG,INDEX_BEG,-12,MONTH,-1,DAY,,,,,,,,,,,,DX,,,A,,Exclude prior Alzheimer’s and related dementias diagnosis
LILLY,COHORT,LILLY_ADRD_1_2,COH_EX_02,LILLY_ADRD_2,,INDEX_BEG,INDEX_BEG,-12,MONTH,-1,DAY,,,,,,,,,,,,DX,,,B,,Exclude prior Alzheimer diagnosis
LILLY,COHORT,LILLY_ADRD_1_2,SVC_IN_01,,,INDEX_BEG,INDEX_BEG,-12,MONTH,,,,,,,,,,,,,,,,,,,All pre-index medical services
LILLY,COHORT,LILLY_ADRD_1_2,SVC_IN_02,,,INDEX_BEG,INDEX_BEG,-12,MONTH,,,,,,,,RX,,,,,,,,,,,All pre-index pharmacy services
LILLY,COHORT,LILLY_ADRD_3,LEVEL,,BENE,INDEX_BEG,INDEX_BEG,-12,MONTH,,,,,,,,,,,,,,,,,,,
LILLY,COHORT,LILLY_ADRD_3,COH_IN_01,,,PRF_BEG,PRF_END,,,,,,,,,,RX,,,,,,NDC,,,A,,"galantamine, rivastigmine, or donepezil"
LILLY,COHORT,LILLY_ADRD_3,ELIG_01,,,INDEX_BEG,INDEX_BEG,-12,MONTH,,,,,,,,ENROLL,,,,,,ENROLL_GAP,,44,,,Enrollment gap<45 days
LILLY,COHORT,LILLY_ADRD_3,ELIG_02,,,INDEX_BEG,INDEX_BEG,,,,,,,,,,ENROLL,,,,,,AGE_MIN,,65,,,Age>=65
LILLY,COHORT,LILLY_ADRD_3,COH_EX_01,,,INDEX_BEG,INDEX_BEG,-12,MONTH,-1,DAY,,,,,,RX,,,,,,NDC,,,A,,"Prior use of galantamine, rivastigmine, or donepezil"
LILLY,COHORT,LILLY_ADRD_3,SVC_IN_01,,,INDEX_BEG,INDEX_BEG,-12,MONTH,,,,,,,,,,,,,,,,,,,All pre-index medical services
LILLY,COHORT,LILLY_ADRD_3,SVC_IN_02,,,INDEX_BEG,INDEX_BEG,-12,MONTH,,,,,,,,RX,,,,,,,,,,,All pre-index pharmacy services
HANGER,COHORT,HANGER_DFU,LEVEL,,BENE,INDEX_BEG,INDEX_BEG,-12,MONTH,6,MONTH,,,,,,,,,,,,,,,,,
HANGER,COHORT,HANGER_DFU,COH_IN_01,,,PRF_BEG,PRF_END,,,,,,,,,,,,,,,,DX,,,A,,Diabetic ulcer
HANGER,COHORT,HANGER_DFU,ELIG_01,,,INDEX_BEG,INDEX_BEG,-6,MONTH,6,MONTH,,,,,,,,,,,,ENROLL_GAP,,0,,,No enrollment gap
HANGER,COHORT,HANGER_DFU,COH_EX_01,,,INDEX_BEG,INDEX_BEG,-12,MONTH,-1,DAY,,,,,,,,,,,,DX,,,A,,Diabetic ulcer
HANGER,COHORT,HANGER_DFU,SVC_IN_01,,,INDEX_BEG,INDEX_BEG,,,6,MONTH,,,,,,,,,,,,CPT,,,N,,Amputation
HANGER,COHORT,HANGER_DFU,SVC_IN_02,,,INDEX_BEG,INDEX_BEG,,,6,MONTH,,,,,,,,,,,,CPT,,,S,,Diabetic shoe/insert
HANGER,COHORT,HANGER_DFU,SVC_IN_03,,,INDEX_BEG,INDEX_BEG,,,6,MONTH,,,,,,,,,,,,,,,,,All services
HANGER,COHORT,HANGER_DFU,SVC_IN_04,,,INDEX_BEG,INDEX_BEG,,,6,MONTH,,,,,,,,,,,,DOD,,,,,Died after DFU diagnosis
MIPS,MEASURE,MIPS_WHR,LEVEL,,DENOMINATOR/RANK,INDEX_END,INDEX_END,,,30,DAY,,,,,,,,,,,,,,,,,
MIPS,MEASURE,MIPS_WHR,DENOM_IN_01,MIPS_WHR_SURG,,PRF_BEG,PRF_END,,,,,,,,,,IP,IPA,,,,,PX,,,A,,Surgery/gynecology cohort
MIPS,MEASURE,MIPS_WHR,DENOM_IN_01,MIPS_WHR_SURG,,PRF_BEG,PRF_END,,,,,,,,,,IP,IPA,,,,,DISCHARGE,,LAMA/DIED/TRNSF,,X,Exclude discharged against medical advice
MIPS,MEASURE,MIPS_WHR,DENOM_IN_01,MIPS_WHR_SURG,,PRF_BEG,PRF_END,,,,,,,,,,IP,IPA,,,,,CCN,,050146/050660/100079/100271/220162/330154/330354/360242/390196/450076/500138,,X,Exclude IPPS-exempt cancer hospital
MIPS,MEASURE,MIPS_WHR,DENOM_IN_01,MIPS_WHR_SURG,,PRF_BEG,PRF_END,,,,,,,,,,IP,IPA,,,,,DX,1,,X,X,Exclude hospitalized primarily for medical treatment of cancer/psychiatric disease/rehab
MIPS,MEASURE,MIPS_WHR,DENOM_IN_02,Y,,PRF_BEG,PRF_END,,,,,,,,,,IP,IPA,,,,,DX,1,,SUB_F1,,Specialty cohort
MIPS,MEASURE,MIPS_WHR,DENOM_IN_02,Y,,PRF_BEG,PRF_END,,,,,,,,,,IP,IPA,,,,,DISCHARGE,,LAMA/DIED/TRNSF,,X,Exclude discharged against medical advice
MIPS,MEASURE,MIPS_WHR,DENOM_IN_02,Y,,PRF_BEG,PRF_END,,,,,,,,,,IP,IPA,,,,,CCN,,050146/050660/100079/100271/220162/330154/330354/360242/390196/450076/500138,,X,Exclude IPPS-exempt cancer hospital
MIPS,MEASURE,MIPS_WHR,DENOM_IN_02,Y,,PRF_BEG,PRF_END,,,,,,,,,,IP,IPA,,,,,DX,1,,X,X,Exclude hospitalized primarily for medical treatment of cancer/psychiatric disease/rehab
MIPS,MEASURE,MIPS_WHR,DENOM_IN_03,MIPS_WHR_SURG,,PRF_BEG,PRF_END,,,,,,,,,,OP,,,,,,PX,,,A,,Surgery/gynecology cohort
MIPS,MEASURE,MIPS_WHR,DENOM_IN_03,MIPS_WHR_SURG,,PRF_BEG,PRF_END,,,,,,,,,,OP,,,,,,DISCHARGE,,LAMA/DIED/TRNSF,,X,Exclude discharged against medical advice
MIPS,MEASURE,MIPS_WHR,DENOM_IN_03,MIPS_WHR_SURG,,PRF_BEG,PRF_END,,,,,,,,,,OP,,,,,,CCN,,050146/050660/100079/100271/220162/330154/330354/360242/390196/450076/500138,,X,Exclude IPPS-exempt cancer hospital
MIPS,MEASURE,MIPS_WHR,DENOM_IN_03,MIPS_WHR_SURG,,PRF_BEG,PRF_END,,,,,,,,,,OP,,,,,,DX,1,,X,X,Exclude stays primarily for medical treatment of cancer/psychiatric disease/rehab
MIPS,MEASURE,MIPS_WHR,DENOM_IN_04,,,PRF_BEG,PRF_END,,,,,,,,,,OP,,,,,,REV_CD,,0760/0762,,,Observation stays
MIPS,MEASURE,MIPS_WHR,DENOM_IN_04,,,PRF_BEG,PRF_END,,,,,,,,,,OP,,,,,,DISCHARGE,,LAMA/DIED/TRNSF,,X,Exclude discharged against medical advice
MIPS,MEASURE,MIPS_WHR,DENOM_IN_04,,,PRF_BEG,PRF_END,,,,,,,,,,OP,,,,,,CCN,,050146/050660/100079/100271/220162/330154/330354/360242/390196/450076/500138,,X,Exclude IPPS-exempt cancer hospital
MIPS,MEASURE,MIPS_WHR,DENOM_IN_04,,,PRF_BEG,PRF_END,,,,,,,,,,OP,,,,,,DX,1,,X,X,Exclude stays primarily for medical treatment of cancer/psychiatric disease/rehab
MIPS,MEASURE,MIPS_WHR,ELIG_01,,,INDEX_BEG,INDEX_END,-12,MONTH,30,DAY,,,,,,ENROLL,,,,,,ENROLL_GAP,,0,,,No enrollment gap
MIPS,MEASURE,MIPS_WHR,ELIG_02,,,INDEX_BEG,INDEX_BEG,,,,,,,,,,ENROLL,,,,,,AGE_MIN,,65,,,Age >=65
MIPS,MEASURE,MIPS_WHR,NUM_IN_01,,,INDEX_END,INDEX_END,,,30,DAY,,,,,,IP,IPA,ADM_DT,,,,,,,,,Unplanned readmisions
MIPS,MEASURE,MIPS_WHR,NUM_IN_01,,,INDEX_END,INDEX_END,,,30,DAY,,,,,,IP,IPA,,,,,PX,,,P,X,Exclude planned readmission by procedure
MIPS,MEASURE,MIPS_WHR,NUM_IN_01,,,INDEX_END,INDEX_END,,,30,DAY,,,,,,IP,IPA,ADM_DT,,,,DX,1,,P,X,Exclude planned readmission by diagnosis
MIPS,MEASURE,MIPS_WHR,NUM_IN_01,,,INDEX_END,INDEX_END,,,30,DAY,,,,,,IP,IPA,ADM_DT,,,,CCN,,050146/050660/100079/100271/220162/330154/330354/360242/390196/450076/500138,,X,Exclude IPPS-exempt cancer hospital
MIPS,MEASURE,MIPS_WHR,NUM_IN_02,,,INDEX_END,INDEX_END,,,30,DAY,,,,,,OP,,,,,,REV_CD,,0760/0762,,,Observation stays
MIPS,MEASURE,MIPS_WHR,NUM_IN_02,,,INDEX_END,INDEX_END,,,30,DAY,,,,,,OP,,,,,,PX,,,P,X,Exclude planned readmission by procedure
MIPS,MEASURE,MIPS_WHR,NUM_IN_02,,,INDEX_END,INDEX_END,,,30,DAY,,,,,,OP,,,,,,DX,1,,P,X,Exclude planned readmission by diagnosis
MIPS,MEASURE,MIPS_WHR,NUM_IN_02,,,INDEX_END,INDEX_END,,,30,DAY,,,,,,OP,,,,,,CCN,,050146/050660/100079/100271/220162/330154/330354/360242/390196/450076/500138,,X,Exclude IPPS-exempt cancer hospital
PFIZER,COHORT,PFIZER_ATTR_CM,LEVEL,,BENE/RANK,INDEX_END,INDEX_END,-6,MONTH,1,YEAR,,,,,,,,,,,,,,,,,
PFIZER,COHORT,PFIZER_ATTR_CM,COH_IN_01,,,PRF_BEG,PRF_END,,,,,,,,,,,,,,,,DX,,E8582,,,Confirmed ATTR-CMwt
PFIZER,COHORT,PFIZER_ATTR_CM,COH_IN_02,,,PRF_BEG,PRF_END,,,,,,,,,,IP,,,,,,DX,,E850/E852/E8582/E8589/E859,,,Amyloidosis
PFIZER,COHORT,PFIZER_ATTR_CM,COH_IN_03,,,PRF_BEG,PRF_END,,,,,2,30,,,,OP/PHYS,,,,,,DX,,E850/E852/E8582/E8589/E859,,,Amyloidosis
PFIZER,COHORT,PFIZER_ATTR_CM,COH_IN_04,,,PRF_BEG,PRF_END,,,,,,,,,,IP,,,,,,DX,,,A,,HF/CM
PFIZER,COHORT,PFIZER_ATTR_CM,COH_IN_05,,,PRF_BEG,PRF_END,,,,,2,30,,,,OP/PHYS,,,,,,DX,,,A,,HF/CM
PFIZER,COHORT,PFIZER_ATTR_CM,COH_IN_06,,,PRF_BEG,PRF_END,,,,,,,,,,IP,,,,,,DX,,,B,,HF
PFIZER,COHORT,PFIZER_ATTR_CM,COH_IN_07,,,PRF_BEG,PRF_END,,,,,2,30,,,,OP/PHYS,,,,,,DX,,,B,,HF
PFIZER,COHORT,PFIZER_ATTR_CM,COHORT_IN_01,PFIZER_ATTR_CM_1a,COH_IN_01,,,,,,,,,,,,,,,,,,,,,,,
PFIZER,COHORT,PFIZER_ATTR_CM,COHORT_IN_02,PFIZER_ATTR_CM_1b,COH_IN_02+COH_IN_04,,,,,,,,,,,,,,,,,,,,,,,
PFIZER,COHORT,PFIZER_ATTR_CM,COHORT_IN_02,PFIZER_ATTR_CM_1b,COH_IN_02+COH_IN_05,,,,,,,,,,,,,,,,,,,,,,,
PFIZER,COHORT,PFIZER_ATTR_CM,COHORT_IN_02,PFIZER_ATTR_CM_1b,COH_IN_03+COH_IN_04,,,,,,,,,,,,,,,,,,,,,,,
PFIZER,COHORT,PFIZER_ATTR_CM,COHORT_IN_02,PFIZER_ATTR_CM_1b,COH_IN_03+COH_IN_05,,,,,,,,,,,,,,,,,,,,,,,
PFIZER,COHORT,PFIZER_ATTR_CM,COHORT_IN_03,PFIZER_ATTR_CM_2,COH_IN_06,,,,,,,,,,,,,,,,,,,,,,,
PFIZER,COHORT,PFIZER_ATTR_CM,COHORT_IN_03,PFIZER_ATTR_CM_2,COH_IN_07,,,,,,,,,,,,,,,,,,,,,,,
PFIZER,COHORT,PFIZER_ATTR_CM,ELIG_01,,,INDEX_BEG,INDEX_END,-12,MONTH,,,,,,,,ENROLL,,,,,,ENROLL_GAP,,0,,,No enrollment gap
PFIZER,COHORT,PFIZER_ATTR_CM,ELIG_02,,,INDEX_BEG,INDEX_BEG,,,,,,,,,,,,,,,,AGE_MIN,,65,,,Age >=65
PFIZER,COHORT,PFIZER_ATTR_CM,COH_EX_01,,,INDEX_BEG,INDEX_END,-12,MONTH,,,,,,,,IP,,,,,,MS_DRG,,001/002/005/006,,,Liver or heart transplant  
PFIZER,COHORT,PFIZER_ATTR_CM,COH_EX_02,PFIZER_ATTR_CM_1b,,INDEX_BEG,INDEX_END,-12,MONTH,,,,,,,,,,,,,,DX,,E8581,,,Light chain amyloidosis 
PFIZER,COHORT,PFIZER_ATTR_CM,COH_EX_02,PFIZER_ATTR_CM_1b,,INDEX_BEG,INDEX_END,-12,MONTH,,,,,,,,,,,,,,CPT,,,L,,Light chain amyloidosis 
PFIZER,COHORT,PFIZER_ATTR_CM,COH_EX_02,PFIZER_ATTR_CM_1b,,INDEX_BEG,INDEX_END,-12,MONTH,,,,,,,,RX,,,,,,NDC,,,L,,Light chain amyloidosis 
PFIZER,COHORT,PFIZER_ATTR_CM,COH_EX_03,,,INDEX_BEG,INDEX_END,-12,MONTH,,,,,,,,,,,,,,PX,,,H,,Hematopoietic stem cell transplant
PFIZER,COHORT,PFIZER_ATTR_CM,COH_EX_04,,,INDEX_BEG,INDEX_END,-12,MONTH,,,,,,,,,,,,,,DX,,C9000/C9001/C9002,,,Multiple myeloma diagnosis
PFIZER,COHORT,PFIZER_ATTR_CM,COH_EX_05,PFIZER_ATTR_CM_1b,,INDEX_BEG,INDEX_END,-12,MONTH,,,,,,,,,,,,,,DX,,I680,,,Dementia
PFIZER,COHORT,PFIZER_ATTR_CM,SVC_IN_01,,,INDEX_BEG,INDEX_BEG,-6,MONTH,-1,DAY,,,,,,,,,,,,,,,,,Baseline period all medical claims
PFIZER,COHORT,PFIZER_ATTR_CM,SVC_IN_01,,,INDEX_BEG,INDEX_BEG,-6,MONTH,-1,DAY,,,,,,RX,,,,,,,,,,,Baseline period all pharmacy claims
PFIZER,COHORT,PFIZER_ATTR_CM,SVC_IN_02,,,INDEX_BEG,INDEX_END,,,1,YEAR,,,,,,,,,,,,,,,,,Follow-up period all medical claims
PFIZER,COHORT,PFIZER_ATTR_CM,SVC_IN_02,,,INDEX_BEG,INDEX_END,,,1,YEAR,,,,,,RX,,,,,,,,,,,Follow-up period all pharmacy claims
PFIZER,COHORT,PFIZER_ATTR_CM,SVC_IN_03,,,INDEX_BEG,INDEX_BEG,,,1,YEAR,,,,,,IP,,,,,,MS_DRG,,001/002,,,Heart transplant  
PFIZER,COHORT,PFIZER_ATTR_CM,SVC_IN_04,,,INDEX_BEG,INDEX_BEG,,,1,YEAR,,,,,,IP,,,,,,MS_DRG,,005/006,,,Liver transplant  
PFIZER,COHORT,PFIZER_ATTR_CM,SVC_IN_05,,,INDEX_BEG,INDEX_BEG,,,1,YEAR,,,,,,,,,,,,CPT,,93505,,,Endomyocardial Biopsy
PFIZER,COHORT,PFIZER_ATTR_CM,SVC_IN_06,,,INDEX_BEG,INDEX_BEG,,,1,YEAR,,,,,,,,,,,,CPT,,78800/78803/A9538,,,Scintigraphy
PFIZER,COHORT,PFIZER_ATTR_CM,SVC_IN_07,,,INDEX_BEG,INDEX_BEG,,,1,YEAR,,,,,,,,,,,,CPT,,83891/83894/83898/83904/83909/83912,,,TTR Genetic Testing
PFIZER,COHORT,PFIZER_ATTR_CM,SVC_IN_08,,,INDEX_BEG,INDEX_BEG,,,1,YEAR,,,,,,,,,,,,CPT,,33361/33362/33363/33364/33365/33366/33367/33368/33369,,,TAVR
PFIZER,COHORT,PFIZER_ATTR_CM,SVC_IN_08,,,INDEX_BEG,INDEX_BEG,,,1,YEAR,,,,,,,,,,,,PX,,02RF37Z/02RF38Z/02RF3JZ/02RF3KZ/02RF37H/02RF38H/02RF3JH/02RF3KH,,,TAVR
PFIZER,COHORT,PFIZER_ATTR_CM,SVC_IN_09,,,INDEX_BEG,INDEX_BEG,,,1,YEAR,,,,,,,,,,,,PX,,02HA0QZ/02HA4QZ/02HA0QZ,,,Valve replacement LVAD
PFIZER,COHORT,PFIZER_ATTR_CM,SVC_IN_10,,,INDEX_BEG,INDEX_BEG,,,1,YEAR,,,,,,,,,,,,MS_DRG,,242/243/244,,,Pacemaker
PFIZER,COHORT,PFIZER_ATTR_CM,SVC_IN_11,,,INDEX_BEG,INDEX_BEG,,,1,YEAR,,,,,,,,,,,,MS_DRG,,222/223/224/225/226/227,,,Implantable defibrillator
ACOREACH,MEASURE,ACOREACH_TFU,LEVEL,,DENOMINATOR,INDEX_BEG,INDEX_END,,,60,DAY,,,,,,,,,,,,,,,,,
ACOREACH,MEASURE,ACOREACH_TFU,DENOM_IN_01,Y,,PRF_BEG,PRF_END,,,,,,,,,,,,,,,,DX,1,,0,1,Trigger sufficient code
ACOREACH,MEASURE,ACOREACH_TFU,DENOM_IN_01,Y,,PRF_BEG,PRF_END,,,,,,,,,,,,,,,,REV_CD,,,A,2,IP/ER/Obs visit
ACOREACH,MEASURE,ACOREACH_TFU,DENOM_IN_01,Y,,PRF_BEG,PRF_END,,,,,,,,,,,,,,,,CPT,,,A,2,IP/ER/Obs visit
ACOREACH,MEASURE,ACOREACH_TFU,DENOM_IN_01,Y,,PRF_BEG,PRF_END,,,,,,,,,,,,,,,,BILL_TYPE,,15281,,2,IP/ER/Obs visit
ACOREACH,MEASURE,ACOREACH_TFU,DENOM_IN_01,Y,,PRF_BEG,PRF_END,,,,,,,,,,,,,,,,DIS_STATUS,,44932,,3,Discharge to community
ACOREACH,MEASURE,ACOREACH_TFU,DENOM_IN_02,,,PRF_BEG,PRF_END,,,,,,,,,,,,,,,,DX,1,,0,1,Trigger relevant code
ACOREACH,MEASURE,ACOREACH_TFU,DENOM_IN_02,Y,,PRF_BEG,PRF_END,,,,,,,,,,,,,,,,DX,2,,0,2,Trigger sufficient code
ACOREACH,MEASURE,ACOREACH_TFU,DENOM_IN_02,Y,,PRF_BEG,PRF_END,,,,,,,,,,,,,,,,REV_CD,,,A,3,IP/ER/Obs visit
ACOREACH,MEASURE,ACOREACH_TFU,DENOM_IN_02,Y,,PRF_BEG,PRF_END,,,,,,,,,,,,,,,,CPT,,,A,3,IP/ER/Obs visit
ACOREACH,MEASURE,ACOREACH_TFU,DENOM_IN_02,Y,,PRF_BEG,PRF_END,,,,,,,,,,,,,,,,BILL_TYPE,,15281,,3,IP/ER/Obs visit
ACOREACH,MEASURE,ACOREACH_TFU,DENOM_IN_02,Y,,PRF_BEG,PRF_END,,,,,,,,,,,,,,,,DIS_STATUS,,44932,,4,Discharge to community
ACOREACH,MEASURE,ACOREACH_TFU,ELIG_01,Y,,INDEX_END,INDEX_END,,,1,MONTH,,,,,,ENROLL,,,,,,ENROLL_GAP,,0,,,No enrollment gap
ACOREACH,MEASURE,ACOREACH_TFU,ELIG_01,ACOREACH_TFU_CAD_L,,INDEX_END,INDEX_END,,,2,MONTH,,,,,,ENROLL,,,,,,ENROLL_GAP,,0,,,No enrollment gap
ACOREACH,MEASURE,ACOREACH_TFU,DENOM_EX_01,ACOREACH_TFU_ASTHMA,,INDEX_END,INDEX_END,,,14,DAY,,,,,,,,FROM_DT,,,,REV_CD,,,X,,non-acute care during follow-up
ACOREACH,MEASURE,ACOREACH_TFU,DENOM_EX_01,ACOREACH_TFU_CAD_H,,INDEX_END,INDEX_END,,,7,DAY,,,,,,,,FROM_DT,,,,REV_CD,,,X,,non-acute care during follow-up
ACOREACH,MEASURE,ACOREACH_TFU,DENOM_EX_01,ACOREACH_TFU_CAD_L,,INDEX_END,INDEX_END,,,42,DAY,,,,,,,,FROM_DT,,,,REV_CD,,,X,,non-acute care during follow-up
ACOREACH,MEASURE,ACOREACH_TFU,DENOM_EX_01,ACOREACH_TFU_CHF,,INDEX_END,INDEX_END,,,14,DAY,,,,,,,,FROM_DT,,,,REV_CD,,,X,,non-acute care during follow-up
ACOREACH,MEASURE,ACOREACH_TFU,DENOM_EX_01,ACOREACH_TFU_COPD,,INDEX_END,INDEX_END,,,30,DAY,,,,,,,,FROM_DT,,,,REV_CD,,,X,,non-acute care during follow-up
ACOREACH,MEASURE,ACOREACH_TFU,DENOM_EX_01,ACOREACH_TFU_DIA_H,,INDEX_END,INDEX_END,,,14,DAY,,,,,,,,FROM_DT,,,,REV_CD,,,X,,non-acute care during follow-up
ACOREACH,MEASURE,ACOREACH_TFU,DENOM_EX_01,ACOREACH_TFU_HTN_H,,INDEX_END,INDEX_END,,,14,DAY,,,,,,,,FROM_DT,,,,REV_CD,,,X,,non-acute care during follow-up
ACOREACH,MEASURE,ACOREACH_TFU,DENOM_EX_01,ACOREACH_TFU_HTN_M,,INDEX_END,INDEX_END,,,30,DAY,,,,,,,,FROM_DT,,,,REV_CD,,,X,,non-acute care during follow-up
ACOREACH,MEASURE,ACOREACH_TFU,NUM_IN_01,ACOREACH_TFU_ASTHMA,,INDEX_END,INDEX_END,,,14,DAY,,,,,,OP/PR,,,,,,CPT,,,N,,Follow up visit
ACOREACH,MEASURE,ACOREACH_TFU,NUM_IN_01,ACOREACH_TFU_CAD_H,,INDEX_END,INDEX_END,,,7,DAY,,,,,,OP/PR,,,,,,CPT,,,N,,Follow up visit
ACOREACH,MEASURE,ACOREACH_TFU,NUM_IN_01,ACOREACH_TFU_CAD_L,,INDEX_END,INDEX_END,,,42,DAY,,,,,,OP/PR,,,,,,CPT,,,N,,Follow up visit
ACOREACH,MEASURE,ACOREACH_TFU,NUM_IN_01,ACOREACH_TFU_CHF,,INDEX_END,INDEX_END,,,14,DAY,,,,,,OP/PR,,,,,,CPT,,,N,,Follow up visit
ACOREACH,MEASURE,ACOREACH_TFU,NUM_IN_01,ACOREACH_TFU_COPD,,INDEX_END,INDEX_END,,,30,DAY,,,,,,OP/PR,,,,,,CPT,,,N,,Follow up visit
ACOREACH,MEASURE,ACOREACH_TFU,NUM_IN_01,ACOREACH_TFU_DIA_H,,INDEX_END,INDEX_END,,,14,DAY,,,,,,OP/PR,,,,,,CPT,,,N,,Follow up visit
ACOREACH,MEASURE,ACOREACH_TFU,NUM_IN_01,ACOREACH_TFU_HTN_H,,INDEX_END,INDEX_END,,,14,DAY,,,,,,OP/PR,,,,,,CPT,,,N,,Follow up visit
ACOREACH,MEASURE,ACOREACH_TFU,NUM_IN_01,ACOREACH_TFU_HTN_M,,INDEX_END,INDEX_END,,,30,DAY,,,,,,OP/PR,,,,,,CPT,,,N,,Follow up visit
ACOREACH,MEASURE,ACOREACH_TFU,NUM_IN_01,Y,,INDEX_BEG,INDEX_END,,,60,DAY,,,,,,OP/PR,ER,,,,,,,,,X,Exclude ER visit
GAM,MEASURE,GAM_31,LEVEL,,BENE,INDEX_BEG,INDEX_END,-14,Day,,,,,,,,,,,,,,,,,,,Dedup by beneficiary
GAM,MEASURE,GAM_31,DENOM_IN_01,,,PRF_BEG,PRF_END,,,,,,,,,,ENROLL,,BENE_DOD_DT,,,,DOD,,,,,Patient died in the study period
GAM,MEASURE,GAM_31,DENOM_IN_02,,,PRF_BEG,PRF_END,,,,,,,,,,,,,,,,DX,,,A,,diagnosis of advanced solid cancer
GAM,MEASURE,GAM_31,DENOM_IN_03,,,PRF_BEG,PRF_END,,,,,,,,,,,,,,,,DX,,,B,,poor prognosis
GAM,MEASURE,GAM_31,DENOMINATOR_IN_01,,DENOM_IN_01+DENOM_IN_02+DENOM_IN_03,,,,,,,,,,,,,,,,,,,,,,,
GAM,MEASURE,GAM_31,ELIG_01,,,INDEX_BEG,INDEX_BEG,-14,DAY,,,,,,,,ENROLL,,,,,,ENROLL_GAP,,0,,,No Enrollment GAP
GAM,MEASURE,GAM_31,NUM_IN_01,,,INDEX_BEG,INDEX_BEG,-14,DAY,,,,,,,,,,,,,,CPT,,,C,,"chemotherapy, immunotherapy, or radiation therapy"
CJ,EPISODE,PPI_IP_PROC,LEVEL,,SUB_EPISODE,INDEX_BEG,INDEX_END,-90,DAY,90,DAY,,,,,,,,,,,,,,,,,Dedup Episodes at Sub-episode Level
CJ,EPISODE,PPI_IP_PROC,TRIG_IN_01,Y,,PRF_BEG,PRF_END,,,,,,,,,,IP,IPA,DIS_DT,,ALLOWED_AMT>0,,MS_DRG,,,SUB_F1,,Trigger MS-DRG
CJ,EPISODE,PPI_IP_PROC,TRIG_IN_01,ALL,,PRF_BEG,PRF_END,,,,,,,,,,IP,IPA,DIS_DT,,,,DISCHARGE,,DIED/TRNSF/LAMA/HSP,,X,Trigger exclusion: Death/Transfer/LAMA/Hospice
CJ,EPISODE,PPI_IP_PROC,ELIG_01,,,INDEX_BEG,INDEX_END,-90,DAY,90,DAY,,,,,,ENROLL,,,,,,ENROLL_GAP,,0,,,No Enrollment Gap
CJ,EPISODE,PPI_IP_PROC,ELIG_02,,,INDEX_BEG,INDEX_END,-90,DAY,90,DAY,,,,,,ENROLL,,,,"DEF_SUB^=""PPI_IP_PROC_P65""",,ESRD,,0,,,No ESRD
CJ,EPISODE,PPI_IP_PROC,TRIG_EX_01,,,INDEX_BEG,INDEX_END,-90,DAY,90,DAY,,,,,,,,,,,,PRPAY_AMT,,>0,,,Exclude episodes with the target payer as the secondary payer
CJ,EPISODE,PPI_IP_PROC,TRIG_EX_02,,,INDEX_BEG,INDEX_END,,,90,DAY,,,,,,,,,,"FROM_DT>=MDY(1,27,2020)","FROM_DT<=MDY(3,31,2020)",DX,,B9729,,,Exclude episodes with COVID
CJ,EPISODE,PPI_IP_PROC,TRIG_EX_02,,,INDEX_BEG,INDEX_END,,,90,DAY,,,,,,,,,,"FROM_DT>=MDY(4,1,2020)",,DX,,U071,,,Exclude episodes with COVID
CJ,EPISODE,PPI_IP_PROC,EPI_IN_01,,,INDEX_CASE,,,,,,,,,,,,,,,,,,,,,,Trigger event
CJ,EPISODE,PPI_IP_PROC,EPI_IN_02,,FIRST,INDEX_END,INDEX_END,,,90,DAY,,,,,,IP/SNF/HHA,IRF/LTCH/SNF/HHA,FROM_DT,CASE_ID,SETTING=INDEX_DISCHARGE,,,,,,,Trigger discharge to claim
CJ,EPISODE,PPI_IP_PROC,EPI_IN_03,Y,,INDEX_END,INDEX_END,,,90,DAY,,,,,,IP,IPA,ADM_DT,CASE_ID,ALLOWED_AMT>0,,MS_DRG,,,SUB_F1,,Post-discharge trigger event
CJ,EPISODE,PPI_IP_PROC,EPI_IN_04,Y,,INDEX_END,INDEX_END,,,90,DAY,,,,,,,,FROM_DT,,,,DX,1,SUB_F2,,,Post-discharge relevant service: index diagnosis
CJ,EPISODE,PPI_IP_PROC,EPI_IN_04,Y,,INDEX_END,INDEX_END,,,90,DAY,,,,,,,,FROM_DT,,,,DX,1,,SUB_F3,,Post-discharge relevant service: system diagnosis
CJ,EPISODE,PPI_IP_PROC,EPI_IN_04,ALL,,INDEX_END,INDEX_END,,,90,DAY,,,,,,IP,,ADM_DT,CASE_ID,,,MS_DRG,,,X,X,Post-discharge relevant service: IP exclusion
CJ,EPISODE,PPI_IP_PROC,EPI_IN_05,ALL,,INDEX_END,INDEX_END,,,30,DAY,,,,,,,,FROM_DT,,,,DX,1,,Z,,Immediate post-discharge complications
CJ,EPISODE,PPI_IP_PROC,EPI_IN_05,ALL,,INDEX_END,INDEX_END,,,30,DAY,,,,,,IP,,ADM_DT,CASE_ID,,,MS_DRG,,,X,X,Immediate post-discharge complication exclusion
CJ,EPISODE,PPI_IP_PROC,EPI_IN_06,ALL,,INDEX_END,INDEX_END,31,DAY,90,DAY,,,,,,,,FROM_DT,,,,DX,1,,Z,1,Later post-discharge complications
CJ,EPISODE,PPI_IP_PROC,EPI_IN_06,Y,,INDEX_END,INDEX_END,31,DAY,90,DAY,,,,,,,,FROM_DT,,,,DX,2,SUB_F2,,2,Post-discharge relevant service: index diagnosis
CJ,EPISODE,PPI_IP_PROC,EPI_IN_06,Y,,INDEX_END,INDEX_END,31,DAY,90,DAY,,,,,,,,FROM_DT,,,,DX,2,,SUB_F3,2,Post-discharge relevant service: system diagnosis
CJ,EPISODE,PPI_IP_PROC,EPI_IN_06,ALL,,INDEX_END,INDEX_END,31,DAY,90,DAY,,,,,,IP,,ADM_DT,CASE_ID,,,MS_DRG,,,X,X,Later post-discharge complication exclusion
CJ,EPISODE,PPI_IP_PROC,RF_HCC,,,INDEX_BEG,INDEX_BEG,-90,DAY,,,,,,,,,,,,,,,,,,,Claims to identify HCCs for RA
CJ,EPISODE,PPI_IP_PROC,RF_IN_01,,,INDEX_BEG,INDEX_END,-90,DAY,-1,DAY,,,,,,IP,IPA/CAH/IPF,,,,,,,,,,Claims to identify institutional stays for RA
CJ,EPISODE,PPI_IP_PROC,RF_IN_02,,,INDEX_BEG,INDEX_END,-90,DAY,-1,DAY,,,,,,IP,IRF/LTCH,,,,,,,,,,Claims to identify long-term institutional stays for RA
CJ,EPISODE,PPI_IP_PROC,RF_IN_02,,,INDEX_BEG,INDEX_END,-90,DAY,-1,DAY,,,,,,SNF,,,,,,,,,,,Claims to identify long-term institutional stays for RA
CJ,EPISODE,PPI_IP_PROC,RF_IN_03,,,INDEX_BEG,INDEX_END,,,,,,,,,,,,,,,,CPT,,XXX,,,
CJ,EPISODE,PPI_IOP_PROC,LEVEL,,SUB_EPISODE,INDEX_BEG,INDEX_END,-90,DAY,90,DAY,,,,,,,,,,,,,,,,,Dedup Episodes at Sub-episode Level
CJ,EPISODE,PPI_IOP_PROC,TRIG_IN_01,Y,,PRF_BEG,PRF_END,,,,,,,,,59,IP,IPA,DIS_DT,,ALLOWED_AMT>0,,MS_DRG,,,SUB_F1,,Trigger MS-DRG
CJ,EPISODE,PPI_IOP_PROC,TRIG_IN_01,ALL,,PRF_BEG,PRF_END,,,,,,,,,,IP,IPA,DIS_DT,,,,DISCHARGE,,DIED/TRNSF/LAMA/HSP,,X,Trigger Death/Transfer
CJ,EPISODE,PPI_IOP_PROC,TRIG_IN_02,Y,,PRF_BEG,PRF_END,,,,,,,,,,OP,,THRU_DT,,ALLOWED_AMT=MAX,,CPT,,,SUB_F1,,Trigger HCPCS/CPT code
CJ,EPISODE,PPI_IOP_PROC,TRIG_IN_02,ALL,,PRF_BEG,PRF_END,,,,,,,,,,OP,,THRU_DT,,,,DISCHARGE,,DIED/TRNSF/LAMA/HSP,,X,Trigger Death/Transfer
CJ,EPISODE,PPI_IOP_PROC,TRIG_IN_03,Y,,PRF_BEG,PRF_END,,,,,,,,,,PHYS,ASC,THRU_DT,,ALLOWED_AMT=MAX,LINE_PRF_SPEC='49',CPT,,,SUB_F1,,Trigger HCPCS/CPT code
CJ,EPISODE,PPI_IOP_PROC,ELIG_01,,,INDEX_BEG,INDEX_END,-90,DAY,90,DAY,,,,,,ENROLL,,,,,,ENROLL_GAP,,0,,,No Enrollment Gap
CJ,EPISODE,PPI_IOP_PROC,ELIG_02,,,INDEX_BEG,INDEX_END,-90,DAY,90,DAY,,,,,,ENROLL,,,,,,ESRD,,0,,,No ESRD
CJ,EPISODE,PPI_IOP_PROC,TRIG_EX_01,,,INDEX_BEG,INDEX_END,-90,DAY,90,DAY,,,,,,,,,,,,PRPAY_AMT,,>0,,,Exclude episodes with the target payer as the secondary payer
CJ,EPISODE,PPI_IOP_PROC,TRIG_EX_02,,,INDEX_BEG,INDEX_END,,,90,DAY,,,,,,,,,,"FROM_DT>=MDY(1,27,2020)","FROM_DT<=MDY(3,31,2020)",DX,,B9729,,,Exclude episodes with COVID
CJ,EPISODE,PPI_IOP_PROC,TRIG_EX_02,,,INDEX_BEG,INDEX_END,,,90,DAY,,,,,,,,,,"FROM_DT>=MDY(4,1,2020)",,DX,,U071,,,Exclude episodes with COVID
CJ,EPISODE,PPI_IOP_PROC,EPI_IN_01,,,INDEX_CASE,,,,,,,,,,,,,,,,,,,,,,Trigger Stay
CJ,EPISODE,PPI_IOP_PROC,EPI_IN_02,,,INDEX_END,INDEX_END,,,10,DAY,,,,,,IP/SNF/HHA,IRF/LTCH/SNF/HHA,FROM_DT,CASE_ID,SETTING=INDEX_DISCHARGE,,,,,,,
CJ,EPISODE,PPI_IOP_PROC,EPI_IN_03,Y,,INDEX_END,INDEX_END,,,90,DAY,,,,,,IP,IPA,ADM_DT,CASE_ID,ALLOWED_AMT>0,,MS_DRG,,,SUB_F1,,Trigger MS-DRG
CJ,EPISODE,PPI_IOP_PROC,EPI_IN_03,Y,,INDEX_END,INDEX_END,,,90,DAY,,,,,,OP,,FROM_DT,CASE_ID,ALLOWED_AMT=MAX,,CPT,,,SUB_F1,,Trigger HCPCS/CPT code
CJ,EPISODE,PPI_IOP_PROC,EPI_IN_03,Y,,INDEX_END,INDEX_END,,,90,DAY,,,,,,PHYS,ASC,FROM_DT,CASE_ID,ALLOWED_AMT=MAX,LINE_PRF_SPEC='49',CPT,,,SUB_F1,,Trigger HCPCS/CPT code
CJ,EPISODE,PPI_IOP_PROC,EPI_IN_04,Y,,INDEX_END,INDEX_END,,,90,DAY,,,,,,,,FROM_DT,,,,DX,1,SUB_F2,,,Post-Acute Service Inclusion
CJ,EPISODE,PPI_IOP_PROC,EPI_IN_04,Y,,INDEX_END,INDEX_END,,,90,DAY,,,,,,,,FROM_DT,,,,DX,1,,SUB_F3,,Post-Acute Service Inclusion
CJ,EPISODE,PPI_IOP_PROC,EPI_IN_04,ALL,,INDEX_END,INDEX_END,,,90,DAY,,,,,,IP,,ADM_DT,CASE_ID,,,MS_DRG,,,X,X,Excluded Readmissions
CJ,EPISODE,PPI_IOP_PROC,EPI_IN_05,ALL,,INDEX_END,INDEX_END,,,30,DAY,,,,,,,,FROM_DT,,,,DX,1,,Z,,Post-Acute Service Inclusion
CJ,EPISODE,PPI_IOP_PROC,EPI_IN_05,ALL,,INDEX_END,INDEX_END,,,30,DAY,,,,,,IP,,ADM_DT,CASE_ID,,,MS_DRG,,,X,X,Post-Acute Service Inclusion
CJ,EPISODE,PPI_IOP_PROC,EPI_IN_06,ALL,,INDEX_END,INDEX_END,31,DAY,90,DAY,,,,,,,,FROM_DT,,,,DX,1,,Z,1,Post-Acute Service Inclusion
CJ,EPISODE,PPI_IOP_PROC,EPI_IN_06,Y,,INDEX_END,INDEX_END,31,DAY,90,DAY,,,,,,,,FROM_DT,,,,DX,2,SUB_F2,,2,Post-Acute Service Inclusion
CJ,EPISODE,PPI_IOP_PROC,EPI_IN_06,Y,,INDEX_END,INDEX_END,31,DAY,90,DAY,,,,,,,,FROM_DT,,,,DX,2,,SUB_F3,2,Post-Acute Service Inclusion
CJ,EPISODE,PPI_IOP_PROC,EPI_IN_06,ALL,,INDEX_END,INDEX_END,31,DAY,90,DAY,,,,,,IP,,ADM_DT,CASE_ID,,,MS_DRG,,,X,X,Excluded Readmissions
CJ,EPISODE,PPI_IOP_PROC,RF_HCC,,,INDEX_BEG,INDEX_BEG,-90,DAY,,,,,,,,,,,,,,,,,,,Claims to identify HCCs for RA
CJ,EPISODE,PPI_IOP_PROC,RF_IN_01,,,INDEX_BEG,INDEX_END,-90,DAY,-1,DAY,,,,,,IP,IPA/CAH/IPF,,,,,,,,,,Claims to identify institutional stays for RA
CJ,EPISODE,PPI_IOP_PROC,RF_IN_02,,,INDEX_BEG,INDEX_END,-90,DAY,-1,DAY,,,,,,IP,IRF/LTCH,,,,,,,,,,Claims to identify long-term institutional stays for RA
CJ,EPISODE,PPI_IOP_PROC,RF_IN_02,,,INDEX_BEG,INDEX_END,-90,DAY,-1,DAY,,,,,,SNF,,,,,,,,,,,Claims to identify long-term institutional stays for RA
CJ,EPISODE,PPI_IOP_MJRLE,LEVEL,,SUB_EPISODE,INDEX_BEG,INDEX_END,-90,DAY,90,DAY,,,,,,,,,,,,,,,,,Dedup Episodes at Sub-episode Level
CJ,EPISODE,PPI_IOP_MJRLE,TRIG_IN_01,PPI_IOP_MJRLE_HIP,,PRF_BEG,PRF_END,,,,,,,,,59,IP,IPA,DIS_DT,,ALLOWED_AMT>0,,MS_DRG,,521/522,,,Trigger MS-DRG for MJRLE
CJ,EPISODE,PPI_IOP_MJRLE,TRIG_IN_01,PPI_IOP_MJRLE_HIP,,PRF_BEG,PRF_END,,,,,,,,,,IP,IPA,DIS_DT,,,,DISCHARGE,,DIED/TRNSF/LAMA/HSP,,X,Trigger Death/Transfer
CJ,EPISODE,PPI_IOP_MJRLE,TRIG_IN_02,ALL,,PRF_BEG,PRF_END,,,,,,,,,59,IP,IPA,DIS_DT,,ALLOWED_AMT>0,,MS_DRG,,469/470/461/462,,1,Trigger MS-DRG for MJRLE
CJ,EPISODE,PPI_IOP_MJRLE,TRIG_IN_02,Y,,PRF_BEG,PRF_END,,,,,,,,,,IP,IPA,THRU_DT,,,,PX,,,SUB_F1,2,ICD procedure codes for hip replacement
CJ,EPISODE,PPI_IOP_MJRLE,TRIG_IN_02,ALL,,PRF_BEG,PRF_END,,,,,,,,,,IP,IPA,DIS_DT,,,,DISCHARGE,,DIED/TRNSF/LAMA/HSP,,X,Trigger Death/Transfer
CJ,EPISODE,PPI_IOP_MJRLE,TRIG_IN_03,Y,,PRF_BEG,PRF_END,,,,,,,,,,OP,,THRU_DT,,ALLOWED_AMT=MAX,,CPT,,,SUB_F1,,Trigger HCPCS/CPT code for hip replacement
CJ,EPISODE,PPI_IOP_MJRLE,TRIG_IN_03,ALL,,PRF_BEG,PRF_END,,,,,,,,,,OP,,THRU_DT,,,,DISCHARGE,,DIED/TRNSF/LAMA/HSP,,X,Trigger Death/Transfer
CJ,EPISODE,PPI_IOP_MJRLE,TRIG_IN_04,Y,,PRF_BEG,PRF_END,,,,,,,,,,PHYS,ASC,THRU_DT,,ALLOWED_AMT=MAX,LINE_PRF_SPEC='49',CPT,,,SUB_F1,,Trigger HCPCS/CPT code for hip replacement
CJ,EPISODE,PPI_IOP_MJRLE,ELIG_01,,,INDEX_BEG,INDEX_END,-90,DAY,90,DAY,,,,,,ENROLL,,,,,,ENROLL_GAP,,0,,,No Enrollment Gap
CJ,EPISODE,PPI_IOP_MJRLE,ELIG_02,,,INDEX_BEG,INDEX_END,-90,DAY,90,DAY,,,,,,ENROLL,,,,,,ESRD,,0,,,No ESRD
CJ,EPISODE,PPI_IOP_MJRLE,TRIG_EX_01,,,INDEX_BEG,INDEX_END,-90,DAY,90,DAY,,,,,,,,,,,,PRPAY_AMT,,>0,,,Exclude episodes with the target payer as the secondary payer
CJ,EPISODE,PPI_IOP_MJRLE,TRIG_EX_02,,,INDEX_BEG,INDEX_END,,,90,DAY,,,,,,,,,,"FROM_DT>=MDY(1,27,2020)","FROM_DT<=MDY(3,31,2020)",DX,,B9729,,,Exclude episodes with COVID
CJ,EPISODE,PPI_IOP_MJRLE,TRIG_EX_02,,,INDEX_BEG,INDEX_END,,,90,DAY,,,,,,,,,,"FROM_DT>=MDY(4,1,2020)",,DX,,U071,,,Exclude episodes with COVID
CJ,EPISODE,PPI_IOP_MJRLE,EPI_IN_01,,,INDEX_CASE,,,,,,,,,,,,,,,,,,,,,,Trigger Stay
CJ,EPISODE,PPI_IOP_MJRLE,EPI_IN_02,,,INDEX_END,INDEX_END,,,10,DAY,,,,,,IP/SNF/HHA,IRF/LTCH/SNF/HHA,FROM_DT,CASE_ID,SETTING=INDEX_DISCHARGE,,,,,,,
CJ,EPISODE,PPI_IOP_MJRLE,EPI_IN_03,Y,,INDEX_END,INDEX_END,,,90,DAY,,,,,,,,FROM_DT,,,,DX,1,SUB_F2,,,Post-Acute Service Inclusion
CJ,EPISODE,PPI_IOP_MJRLE,EPI_IN_03,Y,,INDEX_END,INDEX_END,,,90,DAY,,,,,,,,FROM_DT,,,,DX,1,,SUB_F3,,Post-Acute Service Inclusion
CJ,EPISODE,PPI_IOP_MJRLE,EPI_IN_03,ALL,,INDEX_END,INDEX_END,,,90,DAY,,,,,,IP,,ADM_DT,CASE_ID,,,MS_DRG,,,X,X,Excluded Readmissions
CJ,EPISODE,PPI_IOP_MJRLE,EPI_IN_04,ALL,,INDEX_END,INDEX_END,,,30,DAY,,,,,,,,FROM_DT,,,,DX,1,,Z,,Post-Acute Service Inclusion
CJ,EPISODE,PPI_IOP_MJRLE,EPI_IN_04,ALL,,INDEX_END,INDEX_END,,,30,DAY,,,,,,IP,,ADM_DT,CASE_ID,,,MS_DRG,,,X,X,Post-Acute Service Inclusion
CJ,EPISODE,PPI_IOP_MJRLE,EPI_IN_05,ALL,,INDEX_END,INDEX_END,31,DAY,90,DAY,,,,,,,,FROM_DT,,,,DX,1,,Z,1,Post-Acute Service Inclusion
CJ,EPISODE,PPI_IOP_MJRLE,EPI_IN_05,Y,,INDEX_END,INDEX_END,31,DAY,90,DAY,,,,,,,,FROM_DT,,,,DX,2,SUB_F2,,2,Post-Acute Service Inclusion
CJ,EPISODE,PPI_IOP_MJRLE,EPI_IN_05,Y,,INDEX_END,INDEX_END,31,DAY,90,DAY,,,,,,,,FROM_DT,,,,DX,2,,SUB_F3,2,Post-Acute Service Inclusion
CJ,EPISODE,PPI_IOP_MJRLE,EPI_IN_05,ALL,,INDEX_END,INDEX_END,31,DAY,90,DAY,,,,,,IP,,ADM_DT,CASE_ID,,,MS_DRG,,,X,X,Excluded Readmissions
CJ,EPISODE,PPI_IOP_MJRLE,RF_HCC,,,INDEX_BEG,INDEX_BEG,-90,DAY,,,,,,,,,,,,,,,,,,,Claims to identify HCCs for RA
CJ,EPISODE,PPI_IOP_MJRLE,RF_IN_01,,,INDEX_BEG,INDEX_END,-90,DAY,-1,DAY,,,,,,IP,IPA/CAH/IPF,,,,,,,,,,Claims to identify institutional stays for RA
CJ,EPISODE,PPI_IOP_MJRLE,RF_IN_02,,,INDEX_BEG,INDEX_END,-90,DAY,-1,DAY,,,,,,IP,IRF/LTCH,,,,,,,,,,Claims to identify long-term institutional stays for RA
CJ,EPISODE,PPI_IOP_MJRLE,RF_IN_02,,,INDEX_BEG,INDEX_END,-90,DAY,-1,DAY,,,,,,SNF,,,,,,,,,,,Claims to identify long-term institutional stays for RA
CJ,EPISODE,PPI_IOP_MJRLE,RF_IN_03,,,INDEX_BEG,INDEX_END,,,,,,,,,,,,,,,,CPT,,XXX,,,
CJ,EPISODE,PPI_OP_PROC,LEVEL,,SUB_EPISODE,INDEX_BEG,INDEX_END,-90,DAY,30,DAY,,,,,,,,,,,,,,,,,Dedup Episodes at Sub-episode Level
CJ,EPISODE,PPI_OP_PROC,TRIG_IN_01,Y,,PRF_BEG,PRF_END,,,,,,,,,,OP,,THRU_DT,,ALLOWED_AMT=MAX,,CPT,,,SUB_F1,,Trigger HCPCS/CPT code
CJ,EPISODE,PPI_OP_PROC,TRIG_IN_01,ALL,,PRF_BEG,PRF_END,,,,,,,,,,OP,,THRU_DT,,,,DISCHARGE,,DIED/TRNSF/LAMA/HSP,,X,Trigger Death/Transfer
CJ,EPISODE,PPI_OP_PROC,TRIG_IN_02,Y,,PRF_BEG,PRF_END,,,,,,,,,,PHYS,ASC,THRU_DT,,ALLOWED_AMT=MAX,LINE_PRF_SPEC='49',CPT,,,SUB_F1,,Trigger HCPCS/CPT code
CJ,EPISODE,PPI_OP_PROC,ELIG_01,,,INDEX_BEG,INDEX_END,-90,DAY,30,DAY,,,,,,ENROLL,,,,,,ENROLL_GAP,,0,,,No Enrollment Gap
CJ,EPISODE,PPI_OP_PROC,ELIG_02,,,INDEX_BEG,INDEX_END,-90,DAY,30,DAY,,,,,,ENROLL,,,,"DEF_SUB^=""PPI_OP_PROC_P201""",,ESRD,,0,,,No ESRD
CJ,EPISODE,PPI_OP_PROC,TRIG_EX_01,,,INDEX_BEG,INDEX_END,-90,DAY,30,DAY,,,,,,,,,,,,PRPAY_AMT,,>0,,,Exclude episodes with the target payer as the secondary payer
CJ,EPISODE,PPI_OP_PROC,TRIG_EX_02,PPI_OP_PROC_P203,,INDEX_END,INDEX_END,,,30,DAY,,,,,,IP,IPA,,,ADM_TYPE^='1',,MS_DRG,,,A,,Exclude episodes with an elective Cardiac surgery following the index cardia cath
CJ,EPISODE,PPI_OP_PROC,TRIG_EX_03,PPI_OP_PROC_P203,,INDEX_END,INDEX_END,,,30,DAY,,,,,,OP,,,,SETTING^='ER',,CPT,,,A,,Exclude episodes with an elective Cardiac surgery following the index cardia cath
CJ,EPISODE,PPI_OP_PROC,TRIG_EX_04,PPI_OP_PROC_P205,,INDEX_END,INDEX_END,,,30,DAY,,,,,,IP,IPA,,,ADM_TYPE^='1',,MS_DRG,,,B,,Exclude episodes with an elective GI surgery following the index colonoscopy
CJ,EPISODE,PPI_OP_PROC,TRIG_EX_05,PPI_OP_PROC_P205,,INDEX_END,INDEX_END,,,30,DAY,,,,,,OP,,,,SETTING^='ER',,CPT,,,B,,Exclude episodes with an elective GI surgery following the index colonoscopy
CJ,EPISODE,PPI_OP_PROC,TRIG_EX_06,PPI_OP_PROC_P209,,INDEX_END,INDEX_END,,,30,DAY,,,,,,IP,IPA,,,ADM_TYPE^='1',,MS_DRG,,,B,,Exclude episodes with an elective GI surgery following the index EGD
CJ,EPISODE,PPI_OP_PROC,TRIG_EX_07,PPI_OP_PROC_P209,,INDEX_END,INDEX_END,,,30,DAY,,,,,,OP,,,,SETTING^='ER',,CPT,,,C,,Exclude episodes with an elective GI surgery following the index EGD
CJ,EPISODE,PPI_OP_PROC,TRIG_EX_08,,,INDEX_BEG,INDEX_END,,,30,DAY,,,,,,,,,,"FROM_DT>=MDY(1,27,2020)","FROM_DT<=MDY(3,31,2020)",DX,,B9729,,,Exclude episodes with COVID
CJ,EPISODE,PPI_OP_PROC,TRIG_EX_08,,,INDEX_BEG,INDEX_END,,,30,DAY,,,,,,,,,,"FROM_DT>=MDY(4,1,2020)",,DX,,U071,,,Exclude episodes with COVID
CJ,EPISODE,PPI_OP_PROC,EPI_IN_01,,,INDEX_CASE,,,,,,,,,,,,,,,,,,,,,,Trigger Stay
CJ,EPISODE,PPI_OP_PROC,EPI_IN_02,,,INDEX_END,INDEX_END,,,10,DAY,,,,,,IP/SNF/HHA,IRF/LTCH/SNF/HHA,FROM_DT,CASE_ID,SETTING=INDEX_DISCHARGE,,,,,,,
CJ,EPISODE,PPI_OP_PROC,EPI_IN_03,Y,,INDEX_END,INDEX_END,,,30,DAY,,,,,,OP,,FROM_DT,CASE_ID,ALLOWED_AMT=MAX,,CPT,,,SUB_F1,,Trigger HCPCS/CPT code
CJ,EPISODE,PPI_OP_PROC,EPI_IN_03,Y,,INDEX_END,INDEX_END,,,30,DAY,,,,,,PHYS,ASC,FROM_DT,CASE_ID,ALLOWED_AMT=MAX,LINE_PRF_SPEC='49',CPT,,,SUB_F1,,Trigger HCPCS/CPT code
CJ,EPISODE,PPI_OP_PROC,EPI_IN_04,Y,,INDEX_END,INDEX_END,,,30,DAY,,,,,,,,FROM_DT,,,,DX,1,SUB_F2,,,Post-Acute Service Inclusion
CJ,EPISODE,PPI_OP_PROC,EPI_IN_04,Y,,INDEX_END,INDEX_END,,,30,DAY,,,,,,,,FROM_DT,,,,DX,1,,SUB_F3,,Post-Acute Service Inclusion
CJ,EPISODE,PPI_OP_PROC,EPI_IN_04,ALL,,INDEX_END,INDEX_END,,,30,DAY,,,,,,IP,,ADM_DT,CASE_ID,,,MS_DRG,,,X,X,Excluded Readmissions
CJ,EPISODE,PPI_OP_PROC,EPI_IN_05,Y,,INDEX_END,INDEX_END,,,10,DAY,,,,,,,,FROM_DT,,,,DX,1,,SUB_F4,,Post-Acute Service Inclusion
CJ,EPISODE,PPI_OP_PROC,EPI_IN_05,ALL,,INDEX_END,INDEX_END,,,10,DAY,,,,,,IP,,ADM_DT,CASE_ID,,,MS_DRG,,,X,X,Post-Acute Service Inclusion
CJ,EPISODE,PPI_OP_PROC,EPI_IN_06,Y,,INDEX_END,INDEX_END,11,DAY,30,DAY,,,,,,,,FROM_DT,,,,DX,1,,SUB_F4,1,Post-Acute Service Inclusion
CJ,EPISODE,PPI_OP_PROC,EPI_IN_06,Y,,INDEX_END,INDEX_END,11,DAY,30,DAY,,,,,,,,FROM_DT,,,,DX,2,SUB_F2,,2,Post-Acute Service Inclusion
CJ,EPISODE,PPI_OP_PROC,EPI_IN_06,Y,,INDEX_END,INDEX_END,11,DAY,30,DAY,,,,,,,,FROM_DT,,,,DX,2,,SUB_F3,2,Post-Acute Service Inclusion
CJ,EPISODE,PPI_OP_PROC,EPI_IN_06,ALL,,INDEX_END,INDEX_END,11,DAY,30,DAY,,,,,,IP,,ADM_DT,CASE_ID,,,MS_DRG,,,X,X,Excluded Readmissions
CJ,EPISODE,PPI_OP_PROC,RF_HCC,,,INDEX_BEG,INDEX_BEG,-90,DAY,,,,,,,,,,,,,,,,,,,Claims to identify HCCs for RA
CJ,EPISODE,PPI_OP_PROC,RF_IN_01,,,INDEX_BEG,INDEX_END,-90,DAY,-1,DAY,,,,,,IP,IPA/CAH/IPF,,,,,,,,,,Claims to identify institutional stays for RA
CJ,EPISODE,PPI_OP_PROC,RF_IN_02,,,INDEX_BEG,INDEX_END,-90,DAY,-1,DAY,,,,,,IP,IRF/LTCH,,,,,,,,,,Claims to identify long-term institutional stays for RA
CJ,EPISODE,PPI_OP_PROC,RF_IN_02,,,INDEX_BEG,INDEX_END,-90,DAY,-1,DAY,,,,,,SNF,,,,,,,,,,,Claims to identify long-term institutional stays for RA
CJ,EPISODE,PPI_PR_PROC,LEVEL,,SUB_EPISODE,INDEX_BEG,INDEX_END,-90,DAY,30,DAY,,,,,,,,,,,,,,,,,Dedup Episodes at Sub-episode Level
CJ,EPISODE,PPI_PR_PROC,TRIG_IN_01,Y,,PRF_BEG,PRF_END,,,,,,,,,,OP,,THRU_DT,,ALLOWED_AMT=MAX,,CPT,,,SUB_F1,,Trigger HCPCS/CPT code
CJ,EPISODE,PPI_PR_PROC,TRIG_IN_01,ALL,,PRF_BEG,PRF_END,,,,,,,,,,OP,,THRU_DT,,,,DISCHARGE,,DIED/TRNSF/LAMA/HSP,,X,Trigger Death/Transfer
CJ,EPISODE,PPI_PR_PROC,TRIG_IN_02,Y,,PRF_BEG,PRF_END,,,,,,,,,,PHYS,ASC,THRU_DT,,ALLOWED_AMT=MAX,LINE_PRF_SPEC='49',CPT,,,SUB_F1,,Trigger HCPCS/CPT code
CJ,EPISODE,PPI_PR_PROC,TRIG_IN_03,Y,,PRF_BEG,PRF_END,,,,,,,,,,PHYS,OFFC/OP,THRU_DT,,ALLOWED_AMT=MAX,,CPT,,,SUB_F1,,Trigger HCPCS/CPT code
CJ,EPISODE,PPI_PR_PROC,ELIG_01,,,INDEX_BEG,INDEX_END,-90,DAY,30,DAY,,,,,,ENROLL,,,,,,ENROLL_GAP,,0,,,No Enrollment Gap
CJ,EPISODE,PPI_PR_PROC,ELIG_02,,,INDEX_BEG,INDEX_END,-90,DAY,30,DAY,,,,,,ENROLL,,,,,,ESRD,,0,,,No ESRD
CJ,EPISODE,PPI_PR_PROC,TRIG_EX_01,,,INDEX_BEG,INDEX_END,-90,DAY,30,DAY,,,,,,,,,,,,PRPAY_AMT,,>0,,,Exclude episodes with the target payer as the secondary payer
CJ,EPISODE,PPI_PR_PROC,TRIG_EX_02,PPI_PR_PROC_P501,,INDEX_END,INDEX_END,,,30,DAY,,,,,,IP,IPA,,,ADM_TYPE^='1',,MS_DRG,,,D,,Exclude episodes with an elective urinary system surgery following the index urinary endoscopy
CJ,EPISODE,PPI_PR_PROC,TRIG_EX_03,PPI_PR_PROC_P501,,INDEX_END,INDEX_END,,,30,DAY,,,,,,OP,,,,SETTING^='ER',,CPT,,,D,,Exclude episodes with an elective urinary system surgery following the index urinary endoscopy
CJ,EPISODE,PPI_PR_PROC,TRIG_EX_04,,,INDEX_BEG,INDEX_END,,,30,DAY,,,,,,,,,,"FROM_DT>=MDY(1,27,2020)","FROM_DT<=MDY(3,31,2020)",DX,,B9729,,,Exclude episodes with COVID
CJ,EPISODE,PPI_PR_PROC,TRIG_EX_04,,,INDEX_BEG,INDEX_END,,,30,DAY,,,,,,,,,,"FROM_DT>=MDY(4,1,2020)",,DX,,U071,,,Exclude episodes with COVID
CJ,EPISODE,PPI_PR_PROC,EPI_IN_01,,,INDEX_CASE,,,,,,,,,,,,,,,,,,,,,,Trigger Stay
CJ,EPISODE,PPI_PR_PROC,EPI_IN_02,,,INDEX_END,INDEX_END,,,10,DAY,,,,,,IP/SNF/HHA,IRF/LTCH/SNF/HHA,FROM_DT,CASE_ID,SETTING=INDEX_DISCHARGE,,,,,,,
CJ,EPISODE,PPI_PR_PROC,EPI_IN_03,Y,,INDEX_END,INDEX_END,,,30,DAY,,,,,,OP,,FROM_DT,CASE_ID,ALLOWED_AMT=MAX,,CPT,,,SUB_F1,,Trigger HCPCS/CPT code
CJ,EPISODE,PPI_PR_PROC,EPI_IN_03,Y,,INDEX_END,INDEX_END,,,30,DAY,,,,,,PHYS,ASC,FROM_DT,CASE_ID,ALLOWED_AMT=MAX,LINE_PRF_SPEC='49',CPT,,,SUB_F1,,Trigger HCPCS/CPT code
CJ,EPISODE,PPI_PR_PROC,EPI_IN_03,Y,,INDEX_END,INDEX_END,,,30,DAY,,,,,,PHYS,OFFC/OP,FROM_DT,CASE_ID,ALLOWED_AMT=MAX,,CPT,,,SUB_F1,,Trigger HCPCS/CPT code
CJ,EPISODE,PPI_PR_PROC,EPI_IN_04,Y,,INDEX_END,INDEX_END,,,30,DAY,,,,,,,,FROM_DT,,,,DX,1,SUB_F2,,,Post-Acute Service Inclusion
CJ,EPISODE,PPI_PR_PROC,EPI_IN_04,Y,,INDEX_END,INDEX_END,,,30,DAY,,,,,,,,FROM_DT,,,,DX,1,,SUB_F3,,Post-Acute Service Inclusion
CJ,EPISODE,PPI_PR_PROC,EPI_IN_04,ALL,,INDEX_END,INDEX_END,,,30,DAY,,,,,,IP,,ADM_DT,CASE_ID,,,MS_DRG,,,X,X,Excluded Readmissions
CJ,EPISODE,PPI_PR_PROC,EPI_IN_05,Y,,INDEX_END,INDEX_END,,,10,DAY,,,,,,,,FROM_DT,,,,DX,1,,SUB_F4,,Post-Acute Service Inclusion
CJ,EPISODE,PPI_PR_PROC,EPI_IN_05,ALL,,INDEX_END,INDEX_END,,,10,DAY,,,,,,IP,,ADM_DT,CASE_ID,,,MS_DRG,,,X,X,Post-Acute Service Inclusion
CJ,EPISODE,PPI_PR_PROC,EPI_IN_06,Y,,INDEX_END,INDEX_END,11,DAY,30,DAY,,,,,,,,FROM_DT,,,,DX,1,,SUB_F4,1,Post-Acute Service Inclusion
CJ,EPISODE,PPI_PR_PROC,EPI_IN_06,Y,,INDEX_END,INDEX_END,11,DAY,30,DAY,,,,,,,,FROM_DT,,,,DX,2,SUB_F2,,2,Post-Acute Service Inclusion
CJ,EPISODE,PPI_PR_PROC,EPI_IN_06,Y,,INDEX_END,INDEX_END,11,DAY,30,DAY,,,,,,,,FROM_DT,,,,DX,2,,SUB_F3,2,Post-Acute Service Inclusion
CJ,EPISODE,PPI_PR_PROC,EPI_IN_06,ALL,,INDEX_END,INDEX_END,11,DAY,30,DAY,,,,,,IP,,ADM_DT,CASE_ID,,,MS_DRG,,,X,X,Excluded Readmissions
CJ,EPISODE,PPI_PR_PROC,RF_HCC,,,INDEX_BEG,INDEX_BEG,-90,DAY,,,,,,,,,,,,,,,,,,,Claims to identify HCCs for RA
CJ,EPISODE,PPI_PR_PROC,RF_IN_01,,,INDEX_BEG,INDEX_END,-90,DAY,-1,DAY,,,,,,IP,IPA/CAH/IPF,,,,,,,,,,Claims to identify institutional stays for RA
CJ,EPISODE,PPI_PR_PROC,RF_IN_02,,,INDEX_BEG,INDEX_END,-90,DAY,-1,DAY,,,,,,IP,IRF/LTCH,,,,,,,,,,Claims to identify long-term institutional stays for RA
CJ,EPISODE,PPI_PR_PROC,RF_IN_02,,,INDEX_BEG,INDEX_END,-90,DAY,-1,DAY,,,,,,SNF,,,,,,,,,,,Claims to identify long-term institutional stays for RA
CJ,EPISODE,PPI_IP_MED,LEVEL,,SUB_EPISODE,INDEX_BEG,INDEX_END,-90,DAY,90,DAY,,,,,,,,,,,,,,,,,Dedup Episodes at Sub-episode Level
CJ,EPISODE,PPI_IP_MED,TRIG_IN_01,Y,,PRF_BEG,PRF_END,,,,,,,,,,IP,IPA/CAH/IPF,DIS_DT,,ALLOWED_AMT>0,,MS_DRG,,,SUB_F1,,Trigger MS-DRG code
CJ,EPISODE,PPI_IP_MED,TRIG_IN_01,ALL,,PRF_BEG,PRF_END,,,,,,,,,,IP,IPA/CAH/IPF,DIS_DT,,,,DISCHARGE,,DIED/TRNSF/LAMA/HSP,,X,Trigger exclusion: Death/Transfer/LAMA/Hospice
CJ,EPISODE,PPI_IP_MED,ELIG_01,,,INDEX_BEG,INDEX_END,-90,DAY,90,DAY,,,,,,ENROLL,,,,,,ENROLL_GAP,,0,,,No Enrollment Gap
CJ,EPISODE,PPI_IP_MED,ELIG_02,,,INDEX_BEG,INDEX_END,-90,DAY,90,DAY,,,,,,ENROLL,,,,,,ESRD,,0,,,No ESRD
CJ,EPISODE,PPI_IP_MED,TRIG_EX_01,,,INDEX_BEG,INDEX_END,-90,DAY,90,DAY,,,,,,,,,,,,PRPAY_AMT,,>0,,,Exclude episodes with the target payer as the secondary payer
CJ,EPISODE,PPI_IP_MED,TRIG_EX_02,,,INDEX_BEG,INDEX_END,,,90,DAY,,,,,,,,,,"FROM_DT>=MDY(1,27,2020)","FROM_DT<=MDY(3,31,2020)",DX,,B9729,,,Exclude episodes with COVID
CJ,EPISODE,PPI_IP_MED,TRIG_EX_02,,,INDEX_BEG,INDEX_END,,,90,DAY,,,,,,,,,,"FROM_DT>=MDY(4,1,2020)",,DX,,U071,,,Exclude episodes with COVID
CJ,EPISODE,PPI_IP_MED,EPI_IN_01,,,INDEX_CASE,,,,,,,,,,,,,,,,,,,,,,Trigger Stay
CJ,EPISODE,PPI_IP_MED,EPI_IN_02,,,INDEX_END,INDEX_END,,,10,DAY,,,,,,IP/SNF/HHA,IRF/LTCH/SNF/HHA,FROM_DT,CASE_ID,SETTING=INDEX_DISCHARGE,,,,,,,
CJ,EPISODE,PPI_IP_MED,EPI_IN_03,Y,,INDEX_END,INDEX_END,,,90,DAY,,,,,,,,ADM_DT,CASE_ID,,,MS_DRG,,,SUB_F1,,Service Inclusion
CJ,EPISODE,PPI_IP_MED,EPI_IN_03,Y,,INDEX_END,INDEX_END,,,90,DAY,,,,,,,,FROM_DT,,,,DX,1,SUB_F2,,,Post-Acute Service Inclusion
CJ,EPISODE,PPI_IP_MED,EPI_IN_03,Y,,INDEX_END,INDEX_END,,,90,DAY,,,,,,,,FROM_DT,,,,DX,1,,SUB_F3,,Post-Acute Service Inclusion
CJ,EPISODE,PPI_IP_MED,EPI_IN_03,ALL,,INDEX_END,INDEX_END,,,90,DAY,,,,,,IP,,ADM_DT,CASE_ID,,,MS_DRG,,,X,X,Excluded Readmissions
CJ,EPISODE,PPI_IP_MED,EPI_IN_04,Y,,INDEX_END,INDEX_END,,,30,DAY,,,,,,,,FROM_DT,,,,DX,1,,SUB_F4,,Immediate post-discharge complication exclusion
CJ,EPISODE,PPI_IP_MED,EPI_IN_04,ALL,,INDEX_END,INDEX_END,,,30,DAY,,,,,,IP,,ADM_DT,CASE_ID,,,MS_DRG,,,X,X,Service Inclusion
CJ,EPISODE,PPI_IP_MED,EPI_IN_05,Y,,INDEX_END,INDEX_END,31,DAY,90,DAY,,,,,,,,FROM_DT,,,,DX,1,,SUB_F4,1,Service Inclusion
CJ,EPISODE,PPI_IP_MED,EPI_IN_05,Y,,INDEX_END,INDEX_END,31,DAY,90,DAY,,,,,,,,FROM_DT,,,,DX,2,SUB_F2,,2,Service Inclusion
CJ,EPISODE,PPI_IP_MED,EPI_IN_05,Y,,INDEX_END,INDEX_END,31,DAY,90,DAY,,,,,,,,FROM_DT,,,,DX,2,,SUB_F3,2,Service Inclusion
CJ,EPISODE,PPI_IP_MED,EPI_IN_05,ALL,,INDEX_END,INDEX_END,31,DAY,90,DAY,,,,,,IP,,ADM_DT,CASE_ID,,,MS_DRG,,,X,X,Excluded Readmissions
CJ,EPISODE,PPI_IP_MED,RF_HCC,,,INDEX_BEG,INDEX_BEG,-90,DAY,,,,,,,,,,,,,,,,,,,Claims to identify HCCs for RA
CJ,EPISODE,PPI_IP_MED,RF_IN_01,,,INDEX_BEG,INDEX_END,-90,DAY,-1,DAY,,,,,,IP,IPA/CAH/IPF,,,,,,,,,,Claims to identify institutional stays for RA
CJ,EPISODE,PPI_IP_MED,RF_IN_02,,,INDEX_BEG,INDEX_END,-90,DAY,-1,DAY,,,,,,IP,IRF/LTCH,,,,,,,,,,Claims to identify long-term institutional stays for RA
CJ,EPISODE,PPI_IP_MED,RF_IN_02,,,INDEX_BEG,INDEX_END,-90,DAY,-1,DAY,,,,,,SNF,,,,,,,,,,,Claims to identify long-term institutional stays for RA
CJ,EPISODE,PPI_IP_MED,RF_IN_03,,,INDEX_BEG,INDEX_END,,,,,,,,,,,,,,,,CPT,,XXX,,,
CJ,EPISODE,PPI_AC_MED,LEVEL,,SUB_EPISODE,INDEX_BEG,INDEX_END,-90,DAY,90,DAY,,,,,,,,,,,,,,,,,Dedup Episodes at Sub-episode Level
CJ,EPISODE,PPI_AC_MED,TRIG_IN_01,Y,,PRF_BEG,PRF_END,,,,,,,,,,PHYS,,,,ALLOWED_AMT>0,,DX,1,,SUB_F1,1,Trigger Diagnosis code
CJ,EPISODE,PPI_AC_MED,TRIG_IN_01,ALL,,PRF_BEG,PRF_END,,,,,,,,,,PHYS,,,,,,CPT,,,E,2,Trigger E&M code
CJ,EPISODE,PPI_AC_MED,TRIG_IN_02,Y,,PRF_BEG,PRF_END,,,,,,,,,,OP,FQHC/RHC,,,ALLOWED_AMT>0,,DX,1,,SUB_F1,,Trigger Diagnosis code
CJ,EPISODE,PPI_AC_MED,ELIG_01,,,INDEX_BEG,INDEX_END,-90,DAY,90,DAY,,,,,,ENROLL,,,,,,ENROLL_GAP,,0,,,No Enrollment Gap
CJ,EPISODE,PPI_AC_MED,ELIG_02,,,INDEX_BEG,INDEX_END,-90,DAY,90,DAY,,,,,,ENROLL,,,,,,ESRD,,0,,,No ESRD
CJ,EPISODE,PPI_AC_MED,TRIG_EX_01,,,INDEX_BEG,INDEX_END,-90,DAY,90,DAY,,,,,,,,,,,,PRPAY_AMT,,>0,,,Exclude episodes with the target payer as the secondary payer
CJ,EPISODE,PPI_AC_MED,TRIG_EX_02,Y,,INDEX_BEG,INDEX_END,-90,DAY,1,DAY,,,,,,IP,,,,ALLOWED_AMT>0,,DX,1,,SUB_F1,,Exclude episodes with the target payer as the secondary payer
CJ,EPISODE,PPI_AC_MED,TRIG_EX_02,Y,,INDEX_BEG,INDEX_END,-90,DAY,,,,,,,,OP,ER,,,ALLOWED_AMT>0,,DX,1,,SUB_F1,,Exclude episodes with the target payer as the secondary payer
CJ,EPISODE,PPI_AC_MED,TRIG_EX_02,Y,,INDEX_BEG,INDEX_END,-90,DAY,-1,DAY,,,,,,OP/PHYS,OP/OFFC/FQHC/RHC,,,ALLOWED_AMT>0,,DX,1,,SUB_F1,,Exclude episodes with the target payer as the secondary payer
CJ,EPISODE,PPI_AC_MED,TRIG_EX_03,,,INDEX_BEG,INDEX_END,,,90,DAY,,,,,,,,,,"FROM_DT>=MDY(1,27,2020)","FROM_DT<=MDY(3,31,2020)",DX,,B9729,,,Exclude episodes with COVID
CJ,EPISODE,PPI_AC_MED,TRIG_EX_03,,,INDEX_BEG,INDEX_END,,,90,DAY,,,,,,,,,,"FROM_DT>=MDY(4,1,2020)",,DX,,U071,,,Exclude episodes with COVID
CJ,EPISODE,PPI_AC_MED,EPI_IN_01,,,INDEX_CASE,,,,,,,,,,,,,,,,,,,,,,Trigger Stay
CJ,EPISODE,PPI_AC_MED,EPI_IN_02,Y,,INDEX_END,INDEX_END,,,90,DAY,,,,,,,,FROM_DT,,,,DX,1,,SUB_F1,,Service Inclusion
CJ,EPISODE,PPI_AC_MED,EPI_IN_02,Y,,INDEX_END,INDEX_END,,,90,DAY,,,,,,,,FROM_DT,,,,DX,1,SUB_F2,,,Service Inclusion
CJ,EPISODE,PPI_AC_MED,EPI_IN_02,ALL,,INDEX_END,INDEX_END,,,90,DAY,,,,,,IP,,ADM_DT,CASE_ID,,,MS_DRG,,,X,X,Excluded Readmissions
CJ,EPISODE,PPI_AC_MED,EPI_IN_03,Y,,INDEX_END,INDEX_END,,,30,DAY,,,,,,,,FROM_DT,,,,DX,1,,SUB_F3,,Service Inclusion
CJ,EPISODE,PPI_AC_MED,EPI_IN_03,Y,,INDEX_END,INDEX_END,,,30,DAY,,,,,,,,FROM_DT,,,,PC,1,SUB_F4,,,Service Inclusion
CJ,EPISODE,PPI_AC_MED,EPI_IN_03,ALL,,INDEX_END,INDEX_END,,,30,DAY,,,,,,IP,,ADM_DT,CASE_ID,,,MS_DRG,,,X,X,Excluded Readmissions
CJ,EPISODE,PPI_AC_MED,EPI_IN_04,Y,,INDEX_END,INDEX_END,31,DAY,90,DAY,,,,,,,,FROM_DT,,,,DX,1,,SUB_F3,1,Service Inclusion
CJ,EPISODE,PPI_AC_MED,EPI_IN_04,Y,,INDEX_END,INDEX_END,31,DAY,90,DAY,,,,,,,,FROM_DT,,,,PC,1,SUB_F4,,1,Service Inclusion
CJ,EPISODE,PPI_AC_MED,EPI_IN_04,Y,,INDEX_END,INDEX_END,31,DAY,90,DAY,,,,,,,,FROM_DT,,,,DX,2,,SUB_F1,2,Service Inclusion
CJ,EPISODE,PPI_AC_MED,EPI_IN_04,Y,,INDEX_END,INDEX_END,31,DAY,90,DAY,,,,,,,,FROM_DT,,,,DX,2,SUB_F2,,2,Service Inclusion
CJ,EPISODE,PPI_AC_MED,EPI_IN_04,ALL,,INDEX_END,INDEX_END,31,DAY,90,DAY,,,,,,IP,,ADM_DT,CASE_ID,,,MS_DRG,,,X,X,Excluded Readmissions
CJ,EPISODE,PPI_AC_MED,RF_HCC,,,INDEX_BEG,INDEX_BEG,-90,DAY,,,,,,,,,,,,,,,,,,,Claims to identify HCCs for RA
CJ,EPISODE,PPI_AC_MED,RF_IN_01,,,INDEX_BEG,INDEX_BEG,-90,DAY,-1,DAY,,,,,,IP,IPA/CAH/IPF,,,,,,,,,,Claims to identify acute institutional stays for RA
CJ,EPISODE,PPI_AC_MED,RF_IN_02,,,INDEX_BEG,INDEX_BEG,-90,DAY,-1,DAY,,,,,,IP,IRF/LTCH,,,,,,,,,,Claims to identify long-term institutional stays for RA
CJ,EPISODE,PPI_AC_MED,RF_IN_02,,,INDEX_BEG,INDEX_BEG,-90,DAY,-1,DAY,,,,,,SNF,,,,,,,,,,,Claims to identify long-term institutional stays for RA
CJ,EPISODE,PPI_AC_MED,RF_IN_03,,,INDEX_BEG,INDEX_END,,,,,,,,,,,,,,,,CPT,,XXX,,,
CJ,EPISODE,PPI_CH_MED,LEVEL,,SUB_EPISODE,PRF_BEG,PRF_END,-1,YEAR,0,DAY,,,,,,,,,,,,,,,,,Dedup Episodes at Sub-episode Level
CJ,EPISODE,PPI_CH_MED,TRIG_IN_01,Y,,PRF_BEG,PRF_BEG,-1,YEAR,-1,DAY,,,,,,IP/SNF/HHS,,,,,,DX,,,SUB_F1,,Trigger Diagnosis code
CJ,EPISODE,PPI_CH_MED,TRIG_IN_02,Y,,PRF_BEG,PRF_BEG,-1,YEAR,-1,DAY,2,,,,,OP/PHYS,,,,,,DX,,,SUB_F1,,Trigger Diagnosis code
CJ,EPISODE,PPI_CH_MED,ELIG_01,,,PRF_BEG,PRF_BEG,,,,,,,,,,ENROLL,,,,,,ENROLL_GAP,,0,,,Enrolled on the first day of performance period
CJ,EPISODE,PPI_CH_MED,ELIG_02,,,PRF_BEG,PRF_END,-1,YEAR,,,,,,,,ENROLL,,,,,,ESRD,,0,,,No ESRD
CJ,EPISODE,PPI_CH_MED,TRIG_EX_01,,,PRF_BEG,PRF_END,-1,YEAR,,,,,,,,,,,,,,PRPAY_AMT,,>0,,,Exclude episodes with the target payer as the secondary payer
CJ,EPISODE,PPI_CH_MED,TRIG_EX_02,,,PRF_BEG,PRF_END,,,,,,,,,,,,,,"FROM_DT>=MDY(1,27,2020)","FROM_DT<=MDY(3,31,2020)",DX,,B9729,,,Exclude episodes with COVID
CJ,EPISODE,PPI_CH_MED,TRIG_EX_02,,,PRF_BEG,PRF_END,,,,,,,,,,,,,,"FROM_DT>=MDY(4,1,2020)",,DX,,U071,,,Exclude episodes with COVID
CJ,EPISODE,PPI_CH_MED,EPI_IN_01,Y,,PRF_BEG,PRF_END,,,,,,,,,,,,,,,,DX,1,,SUB_F1,,Service Inclusion
CJ,EPISODE,PPI_CH_MED,EPI_IN_01,Y,,PRF_BEG,PRF_END,,,,,,,,,,,,,,,,DX,1,SUB_F2,,,Service Inclusion
CJ,EPISODE,PPI_CH_MED,EPI_IN_01,ALL,,PRF_BEG,PRF_END,,,,,,,,,,IP,,,CASE_ID,,,MS_DRG,,,X,X,Excluded Readmissions
CJ,EPISODE,PPI_CH_MED,EPI_IN_02,Y,,PRF_BEG,PRF_END,,,,,,,,,,,,,,,,DX,1,,SUB_F3,1,Service Inclusion
CJ,EPISODE,PPI_CH_MED,EPI_IN_02,Y,,PRF_BEG,PRF_END,,,,,,,,,,,,,,,,PC,1,SUB_F4,,1,Service Inclusion
CJ,EPISODE,PPI_CH_MED,EPI_IN_02,Y,,PRF_BEG,PRF_END,,,,,,,,,,,,,,,,DX,2,,SUB_F1,2,Service Inclusion
CJ,EPISODE,PPI_CH_MED,EPI_IN_02,Y,,PRF_BEG,PRF_END,,,,,,,,,,,,,,,,DX,2,SUB_F2,,2,Service Inclusion
CJ,EPISODE,PPI_CH_MED,EPI_IN_02,ALL,,PRF_BEG,PRF_END,,,,,,,,,,IP,,,CASE_ID,,,MS_DRG,,,X,X,Excluded Readmissions
CJ,EPISODE,PPI_CH_MED,RF_HCC,,,PRF_BEG,PRF_END,-1,YEAR,-1,DAY,,,,,,,,,,,,,,,,,Claims to identify HCCs for RA
CJ,EPISODE,PPI_CH_MED,RF_IN_01,,,PRF_BEG,PRF_BEG,-1,YEAR,-1,DAY,,,,,,IP,IPA/CAH/IPF,,,,,,,,,,Claims to identify acute institutional stays for RA
CJ,EPISODE,PPI_CH_MED,RF_IN_02,,,PRF_BEG,PRF_BEG,-1,YEAR,-1,DAY,,,,,,IP,IRF/LTCH,,,,,,,,,,Claims to identify long-term institutional stays for RA
CJ,EPISODE,PPI_CH_MED,RF_IN_02,,,PRF_BEG,PRF_BEG,-1,YEAR,-1,DAY,,,,,,SNF,,,,,,,,,,,Claims to identify long-term institutional stays for RA
CJ,EPISODE,PPI_CH_MED,RF_IN_03,,,PRF_BEG,PRF_END,,,,,,,,,,PHYS,,,,,,CPT,,,E,,E&M visit
CJ,EPISODE,PPI_CH_MED,RF_IN_03,,,PRF_BEG,PRF_END,,,,,,,,,,OP,FQHC/RHC,,,,,,,,,,E&M visit
CJ,EPISODE,PPI_CHEMO,LEVEL,,EPISODE,INDEX_BEG,INDEX_END,-180,DAY,180,DAY,,,,,,,,,,,,,,,,,
CJ,EPISODE,PPI_CHEMO,TRIG_IN_01,,,PRF_BEG,PRF_END,,,,,,,,,,PHYS,,SVC_FROM_DT,,ALLOWED_AMT>0,LINE_POS_CD ^= '21',CPT,,,A,1,
CJ,EPISODE,PPI_CHEMO,TRIG_IN_01,,,PRF_BEG,PRF_END,,,,,,,,,,PHYS,,,,DNL_FLAG ^= 1,,DX,1,Z5111/Z5112,,2,
CJ,EPISODE,PPI_CHEMO,TRIG_IN_01,,,PRF_BEG,PRF_END,,,,,,,,,,PHYS,,,,,,DX,2,,A,3,
CJ,EPISODE,PPI_CHEMO,TRIG_IN_02,,,PRF_BEG,PRF_END,,,,,,,,,,PHYS,,SVC_FROM_DT,,ALLOWED_AMT>0,LINE_POS_CD ^= '21',CPT,,,A,1,
CJ,EPISODE,PPI_CHEMO,TRIG_IN_02,,,PRF_BEG,PRF_END,,,,,,,,,,PHYS,,,,DNL_FLAG ^= 1,,LINE_DX_CD,,,A,2,
CJ,EPISODE,PPI_CHEMO,TRIG_IN_03,,,PRF_BEG,PRF_END,,,,,,,,,,OP,,SVC_FROM_DT,,ALLOWED_AMT>0,,CPT,,,A,1,
CJ,EPISODE,PPI_CHEMO,TRIG_IN_03,,,PRF_BEG,PRF_END,,,,,,,,,,OP,,,,DNL_FLAG ^= 1,,DX,,,A,2,
CJ,EPISODE,PPI_CHEMO,TRIG_IN_04,,,PRF_BEG,PRF_END,,,,,,,,,,RX,,,,,,NDC,,,A,,
CJ,EPISODE,PPI_CHEMO,TRIG_IN_05,,,PRF_BEG,PRF_END,,,,,,,,,,PHYS/OP,,FROM_DT,,,,DX,,,A,,
CJ,EPISODE,PPI_CHEMO,TRIG_IN_05,,,PRF_BEG,PRF_END,,,,,,,,,,PHYS/OP,,SVC_FROM_DT,,,,LINE_DX_CD,,,A,,
CJ,EPISODE,PPI_CHEMO,TRIG_IN_06,,,PRF_BEG,PRF_END,,,,,,,,,,PHYS,,SVC_FROM_DT,LINE_NUM,,,LINE_DX_CD,,,A,1,
CJ,EPISODE,PPI_CHEMO,TRIG_IN_06,,,PRF_BEG,PRF_END,,,,,,,,,,PHYS,,SVC_FROM_DT,LINE_NUM,ALLOWED_AMT>0,,CPT,,,E,2,
CJ,EPISODE,PPI_CHEMO,TRIGGER_IN_01,,TRIG_IN_01<TRIG_IN_06,PRF_BEG,PRF_END,,,,,,0,179,,,,,,,,,,,,,,
CJ,EPISODE,PPI_CHEMO,TRIGGER_IN_02,,TRIG_IN_02<TRIG_IN_06,PRF_BEG,PRF_END,,,,,,0,179,,,,,,,,,,,,,,
CJ,EPISODE,PPI_CHEMO,TRIGGER_IN_03,,TRIG_IN_03<TRIG_IN_06,PRF_BEG,PRF_END,,,,,,0,179,,,,,,,,,,,,,,
CJ,EPISODE,PPI_CHEMO,TRIGGER_IN_04,,TRIG_IN_04>TRIG_IN_05,PRF_BEG,PRF_END,,,,,,0,59,,,,,,,,,,,,,,
CJ,EPISODE,PPI_CHEMO,ELIG_01,,,INDEX_BEG,INDEX_BEG,-180,DAY,180,DAY,,,,,,ENROLL,,,,,,ENROLL_GAP,,0,,,No Enrollment Gap
CJ,EPISODE,PPI_CHEMO,ELIG_02,,,INDEX_BEG,INDEX_BEG,-180,DAY,180,DAY,,,,,,ENROLL,,,,,,ESRD,,0,,,No ESRD
CJ,EPISODE,PPI_CHEMO,TRIG_EX_01,,,INDEX_BEG,INDEX_BEG,-180,DAY,180,DAY,,,,,,,,,,,,PRPAY_AMT,,>0,,,Exclude episodes with the target payer as the secondary payer
CJ,EPISODE,PPI_CHEMO,TRIG_EX_02,,,INDEX_BEG,INDEX_BEG,,,180,DAY,,,,,,,,,,"FROM_DT>=MDY(1,27,2020)","FROM_DT<=MDY(3,31,2020)",DX,,B9729,,,Exclude episodes with COVID
CJ,EPISODE,PPI_CHEMO,TRIG_EX_02,,,INDEX_BEG,INDEX_BEG,,,180,DAY,,,,,,,,,,"FROM_DT>=MDY(4,1,2020)",,DX,,U071,,,Exclude episodes with COVID
CJ,EPISODE,PPI_CHEMO,TRIG_EX_03,,,INDEX_BEG,INDEX_BEG,,,180,DAY,,,,,,IP,,,,,,PX,,XW033C3/XW043C3/XW23346/XW24346/XW23376/XW24376,,,Exclude CAR-T
CJ,EPISODE,PPI_CHEMO,TRIG_EX_03,,,INDEX_BEG,INDEX_BEG,,,180,DAY,,,,,,IP,,,,"ADM_DT>=MDY(10,1,2020)",,MS_DRG,,018,,,Exclude CAR-T
CJ,EPISODE,PPI_CHEMO,TRIG_EX_03,,,INDEX_BEG,INDEX_BEG,,,180,DAY,,,,,,PHYS/OP,,,,"FROM_DT<MDY(1,1,2019)",,CPT,,Q2040/Q2041/Q2042/Q2053/Q2054,,,Exclude CAR-T
CJ,EPISODE,PPI_CHEMO,TRIG_EX_04,,,INDEX_BEG,INDEX_BEG,,,180,DAY,,,,,,PHYS/OP,,,,"FROM_DT>=MDY(1,1,2019)",,CPT,,Q2040/Q2041/Q2042/Q2053/Q2054,,1,Exclude CAR-T
CJ,EPISODE,PPI_CHEMO,TRIG_EX_04,,,INDEX_BEG,INDEX_BEG,,,180,DAY,,,,,,PHYS/OP,,,,"FROM_DT>=MDY(1,1,2019)",,CPT,,0540T,,2,Exclude CAR-T
CJ,EPISODE,PPI_CHEMO,EPI_IN_01,,,INDEX_BEG,INDEX_BEG,,,180,DAY,,,,,,,,,LINE_NUM,,,LINE_DX_CD,,C50,,1,Breast cancer
CJ,EPISODE,PPI_CHEMO,EPI_IN_01,,,INDEX_BEG,INDEX_BEG,,,180,DAY,,,,,,,,,LINE_NUM,ALLOWED_AMT>0,,CPT,,,E,2,E&M service
CJ,EPISODE,PPI_CHEMO,EPI_IN_02,,,INDEX_BEG,INDEX_BEG,,,180,DAY,,,,,,,,,LINE_NUM,,,LINE_DX_CD,,C911/C921,,1,Chronic Leukemia
CJ,EPISODE,PPI_CHEMO,EPI_IN_02,,,INDEX_BEG,INDEX_BEG,,,180,DAY,,,,,,,,,LINE_NUM,ALLOWED_AMT>0,,CPT,,,E,2,E&M service
CJ,EPISODE,PPI_CHEMO,EPI_IN_03,,,INDEX_BEG,INDEX_BEG,,,180,DAY,,,,,,,,,LINE_NUM,,,LINE_DX_CD,,C34/C39/C45,,1,Lung Cancer
CJ,EPISODE,PPI_CHEMO,EPI_IN_03,,,INDEX_BEG,INDEX_BEG,,,180,DAY,,,,,,,,,LINE_NUM,ALLOWED_AMT>0,,CPT,,,E,2,E&M service
CJ,EPISODE,PPI_CHEMO,EPI_IN_04,,,INDEX_BEG,INDEX_BEG,,,180,DAY,,,,,,,,,LINE_NUM,,,LINE_DX_CD,,C81-C88/C914,,1,Lymphoma
CJ,EPISODE,PPI_CHEMO,EPI_IN_04,,,INDEX_BEG,INDEX_BEG,,,180,DAY,,,,,,,,,LINE_NUM,ALLOWED_AMT>0,,CPT,,,E,2,E&M service
CJ,EPISODE,PPI_CHEMO,EPI_IN_05,,,INDEX_BEG,INDEX_BEG,,,180,DAY,,,,,,,,,LINE_NUM,,,LINE_DX_CD,,C90,,1,Multiple Myeloma
CJ,EPISODE,PPI_CHEMO,EPI_IN_05,,,INDEX_BEG,INDEX_BEG,,,180,DAY,,,,,,,,,LINE_NUM,ALLOWED_AMT>0,,CPT,,,E,2,E&M service
CJ,EPISODE,PPI_CHEMO,EPI_IN_06,,,INDEX_BEG,INDEX_BEG,,,180,DAY,,,,,,,,,LINE_NUM,,,LINE_DX_CD,,C61,,1,Prostate Cancer
CJ,EPISODE,PPI_CHEMO,EPI_IN_06,,,INDEX_BEG,INDEX_BEG,,,180,DAY,,,,,,,,,LINE_NUM,ALLOWED_AMT>0,,CPT,,,E,2,E&M service
CJ,EPISODE,PPI_CHEMO,EPI_IN_07,,,INDEX_BEG,INDEX_BEG,,,180,DAY,,,,,,,,,LINE_NUM,,,LINE_DX_CD,,C17-C19/C20,,1,Small Intestine / Colorectal Cancer
CJ,EPISODE,PPI_CHEMO,EPI_IN_07,,,INDEX_BEG,INDEX_BEG,,,180,DAY,,,,,,,,,LINE_NUM,ALLOWED_AMT>0,,CPT,,,E,2,E&M service
CJ,EPISODE,PPI_CHEMO,EPI_IN_08,,,INDEX_BEG,INDEX_BEG,,,180,DAY,,,,,,OP/PHYS,,,,,,CPT,,,A,,Part B chemo
CJ,EPISODE,PPI_CHEMO,EPI_IN_09,,,INDEX_BEG,INDEX_BEG,,,180,DAY,,,,,,RX,,,,,,NDC,,,A,,Part D chemo
CJ,EPISODE,PPI_CHEMO,EPI_IN_10,,,INDEX_BEG,INDEX_BEG,,,180,DAY,,,,,,,,,,,,PX,,,S,,Surgery
CJ,EPISODE,PPI_CHEMO,EPI_IN_10,,,INDEX_BEG,INDEX_BEG,,,180,DAY,,,,,,,,,,,,CPT,,,S,,Surgery
CJ,EPISODE,PPI_CHEMO,EPI_IN_11,,,INDEX_BEG,INDEX_BEG,,,180,DAY,,,,,,,,,,,,PX,,,R,,Radiation
CJ,EPISODE,PPI_CHEMO,EPI_IN_11,,,INDEX_BEG,INDEX_BEG,,,180,DAY,,,,,,,,,,,,CPT,,,R,,Radiation
CJ,EPISODE,PPI_CHEMO,EPI_IN_12,,,INDEX_BEG,INDEX_BEG,,,180,DAY,,,,,,,,,,,,MS_DRG,,014,,,BMT - Allogeneic
CJ,EPISODE,PPI_CHEMO,EPI_IN_12,,,INDEX_BEG,INDEX_BEG,,,180,DAY,,,,,,,,,,,,PX,,,B1,,BMT - Allogeneic
CJ,EPISODE,PPI_CHEMO,EPI_IN_12,,,INDEX_BEG,INDEX_BEG,,,180,DAY,,,,,,,,,,,,CPT,,38240,,,BMT - Allogeneic
CJ,EPISODE,PPI_CHEMO,EPI_IN_13,,,INDEX_BEG,INDEX_BEG,,,180,DAY,,,,,,,,,,,,MS_DRG,,015/016/017,,,BMT - Autologous
CJ,EPISODE,PPI_CHEMO,EPI_IN_13,,,INDEX_BEG,INDEX_BEG,,,180,DAY,,,,,,,,,,,,PX,,,B2,,BMT - Autologous
CJ,EPISODE,PPI_CHEMO,EPI_IN_13,,,INDEX_BEG,INDEX_BEG,,,180,DAY,,,,,,,,,,,,CPT,,38241,,,BMT - Autologous
CJ,EPISODE,PPI_CHEMO,EPI_IN_14,,,INDEX_BEG,INDEX_BEG,,,180,DAY,,,,,,,,,,,,DX,1,,A,,Other cancer services
CJ,EPISODE,PPI_CHEMO,EPI_IN_15,,,INDEX_BEG,INDEX_BEG,,,180,DAY,,,,,,,,,,,,,,,,,Other comorbidity services
CJ,EPISODE,PPI_CHEMO,EPI_IN_16,,,INDEX_BEG,INDEX_BEG,,,180,DAY,,,,,,RX,,,,,,,,,,,All pharmacy services
CJ,EPISODE,PPI_CHEMO,RF_HCC,,,INDEX_BEG,INDEX_BEG,-180,DAY,-1,DAY,,,,,,,,,,,,,,,,,Claims to identify HCCs for RA
CJ,EPISODE,PPI_CHEMO,RF_IN_01,,,INDEX_BEG,INDEX_BEG,-180,DAY,-1,DAY,,,,,,IP,IPA/CAH/IPF,,,,,,,,,,Claims to identify acute institutional stays for RA
CJ,EPISODE,PPI_CHEMO,RF_IN_02,,,INDEX_BEG,INDEX_BEG,-180,DAY,-1,DAY,,,,,,IP,IRF/LTCH,,,,,,,,,,Claims to identify long-term institutional stays for RA
CJ,EPISODE,PPI_CHEMO,RF_IN_02,,,INDEX_BEG,INDEX_BEG,-180,DAY,-1,DAY,,,,,,SNF,,,,,,,,,,,Claims to identify long-term institutional stays for RA
CJ,EPISODE,PPI_CHEMO,RF_IN_03,,,INDEX_BEG,INDEX_BEG,-180,DAY,-1,DAY,,,,,,OP/PHYS,,,,,,CPT,,,A,,Prior Part B chemo
CJ,EPISODE,PPI_CHEMO,RF_IN_04,,,INDEX_BEG,INDEX_BEG,-180,DAY,-1,DAY,,,,,,RX,,,,,,NDC,,,A,,Prior Part D chemo
CJ,EPISODE,PPI_RO,LEVEL,,EPISODE,INDEX_BEG,INDEX_END,-90,DAY,90,DAY,,,,,,,,,,,,,,,,,
CJ,EPISODE,PPI_RO,TRIG_IN_01,ALL,,PRF_BEG,PRF_END,,,,,,,,,,PHYS,,SVC_FROM_DT,,ALLOWED_AMT>0,,CPT,,,P,1,
CJ,EPISODE,PPI_RO,TRIG_IN_01,Y,,PRF_BEG,PRF_END,,,,,,,,,,PHYS,,,,,,DX,,SUB_F1,,2,
CJ,EPISODE,PPI_RO,TRIG_IN_02,ALL,,PRF_BEG,PRF_END,,,,,,,,,,PHYS/OP,,SVC_FROM_DT,,ALLOWED_AMT>0,,CPT,,,T,1,
CJ,EPISODE,PPI_RO,TRIG_IN_02,ALL,,PRF_BEG,PRF_END,,,,,,,,,,PHYS/OP,,SVC_FROM_DT,,ALLOWED_AMT>0,,CPT,,,D,1,
CJ,EPISODE,PPI_RO,TRIG_IN_02,Y,,PRF_BEG,PRF_END,,,,,,,,,,PHYS,,,,,,DX,,SUB_F1,,2,
CJ,EPISODE,PPI_RO,TRIGGER_IN_01,,TRIG_IN_01<TRIG_IN_02,PRF_BEG,PRF_END,,,,,,0,28,,,,,,,,,,,,,,
CJ,EPISODE,PPI_RO,ELIG_01,,,INDEX_BEG,INDEX_BEG,-90,DAY,90,DAY,,,,,,ENROLL,,,,,,ENROLL_GAP,,0,,,No Enrollment Gap
CJ,EPISODE,PPI_RO,ELIG_02,,,INDEX_BEG,INDEX_BEG,-90,DAY,90,DAY,,,,,,ENROLL,,,,,,ESRD,,0,,,No ESRD
CJ,EPISODE,PPI_RO,TRIG_EX_01,,,INDEX_BEG,INDEX_BEG,,,90,DAY,,,,,,,,,,,,PRPAY_AMT,,>0,,,Exclude episodes with the target payer as the secondary payer
CJ,EPISODE,PPI_RO,TRIG_EX_02,,,INDEX_BEG,INDEX_BEG,,,90,DAY,,,,,,,,,,"FROM_DT>=MDY(1,27,2020)","FROM_DT<=MDY(3,31,2020)",DX,,B9729,,,Exclude episodes with COVID
CJ,EPISODE,PPI_RO,TRIG_EX_02,,,INDEX_BEG,INDEX_BEG,,,90,DAY,,,,,,,,,,"FROM_DT>=MDY(4,1,2020)",,DX,,U071,,,Exclude episodes with COVID
CJ,EPISODE,PPI_RO,EPI_IN_01,,,INDEX_BEG,INDEX_BEG,,,90,DAY,,,,,,,,,,,,CPT,,,P,,Treatment planning
CJ,EPISODE,PPI_RO,EPI_IN_02,,,INDEX_BEG,INDEX_BEG,,,90,DAY,,,,,,,,,,,,CPT,,,D,,Dosimetry
CJ,EPISODE,PPI_RO,EPI_IN_03,,,INDEX_BEG,INDEX_BEG,,,90,DAY,,,,,,,,,,,,CPT,,,M,,Treatment management
CJ,EPISODE,PPI_RO,EPI_IN_04,,,INDEX_BEG,INDEX_BEG,,,90,DAY,,,,,,,,,,,,CPT,,,T,,Treatment delivery
CJ,EPISODE,PPI_RO,RF_HCC,,,INDEX_BEG,INDEX_BEG,-90,DAY,-1,DAY,,,,,,,,,,,,,,,,,Claims to identify HCCs for RA
CJ,EPISODE,PPI_RO,RF_IN_01,,,INDEX_BEG,INDEX_BEG,-90,DAY,-1,DAY,,,,,,IP,IPA/CAH/IPF,,,,,,,,,,Claims to identify acute institutional stays for RA
CJ,EPISODE,PPI_RO,RF_IN_02,,,INDEX_BEG,INDEX_BEG,-90,DAY,-1,DAY,,,,,,IP,IRF/LTCH,,,,,,,,,,Claims to identify long-term institutional stays for RA
CJ,EPISODE,PPI_RO,RF_IN_02,,,INDEX_BEG,INDEX_BEG,-90,DAY,-1,DAY,,,,,,SNF,,,,,,,,,,,Claims to identify long-term institutional stays for RA
CJ,EPISODE,PPI_RO,RF_IN_03,,,INDEX_BEG,INDEX_BEG,,,90,DAY,,,,,,PHYS/OP,,,,,,CPT,,,C,,Chemotherapy
CJ,EPISODE,PPI_RO,RF_IN_04,,,INDEX_BEG,INDEX_BEG,,,90,DAY,,,,,,RX,,,,,,NDC,,,C,,Chemotherapy
CJ,EPISODE,PPI_RO,RF_IN_05,,,INDEX_BEG,INDEX_BEG,,,90,DAY,,,,,,PHYS/OP,,,,,,CPT,,,S,,Major procedure
CJ,EPISODE,PPI_PERINATAL,LEVEL,,EPISODE/RANK,INDEX_BEG,INDEX_END,-9,MONTH,2,MONTH,,,,,,,,,,,,,,,,,Dedup Episodes at Episode Level
CJ,EPISODE,PPI_PERINATAL,TRIG_IN_01,,,PRF_BEG,PRF_END,,,,,,,,,,IP,,ADM_DT,,,,MS_DRG,,,C,,Trigger MS-DRG code - cesarean section
CJ,EPISODE,PPI_PERINATAL,TRIG_IN_02,,,PRF_BEG,PRF_END,,,,,,,,,,IP,,ADM_DT,,,,MS_DRG,,,V,,Trigger MS-DRG code - vaginal delivery
CJ,EPISODE,PPI_PERINATAL,TRIG_IN_03,,,PRF_BEG,PRF_END,,,,,,,,,,OP,,,,,,DX,,,A,1,Trigger Diagnosis code
CJ,EPISODE,PPI_PERINATAL,TRIG_IN_03,,,PRF_BEG,PRF_END,,,,,,,,,,OP,,,,,,PX,,,C,2,Trigger PX code - cesarean section
CJ,EPISODE,PPI_PERINATAL,TRIG_IN_03,,,PRF_BEG,PRF_END,,,,,,,,,,OP,,,,,,CPT,,,C,2,Trigger CPT code - cesarean section
CJ,EPISODE,PPI_PERINATAL,TRIG_IN_04,,,PRF_BEG,PRF_END,,,,,,,,,,OP,,,,,,DX,,,A,1,Trigger Diagnosis code
CJ,EPISODE,PPI_PERINATAL,TRIG_IN_04,,,PRF_BEG,PRF_END,,,,,,,,,,OP,,,,,,PX,,,V,2,Trigger PX code - cesarean section
CJ,EPISODE,PPI_PERINATAL,TRIG_IN_04,,,PRF_BEG,PRF_END,,,,,,,,,,OP,,,,,,CPT,,,V,2,Trigger CPT code - cesarean section
CJ,EPISODE,PPI_PERINATAL,ELIG_01,,,INDEX_BEG,INDEX_BEG,-9,MONTH,2,MONTH,,,,,,ENROLL,,,,,,ENROLL_GAP,,0,,,Enrolled on the first day of performance period
CJ,EPISODE,PPI_PERINATAL,ELIG_02,,,INDEX_BEG,INDEX_BEG,-9,MONTH,2,MONTH,,,,,,ENROLL,,,,,,ESRD,,0,,,No ESRD
CJ,EPISODE,PPI_PERINATAL,ELIG_03,,,INDEX_BEG,INDEX_BEG,,,,,,,,,,ENROLL,,,,,,AGE_MIN,,18,,,Age>= 18 at delivery
CJ,EPISODE,PPI_PERINATAL,ELIG_04,,,INDEX_BEG,INDEX_BEG,,,,,,,,,,ENROLL,,,,,,AGE_MAX,,64,,,Age<65 at delivery
CJ,EPISODE,PPI_PERINATAL,TRIG_EX_01,,,INDEX_BEG,INDEX_END,-9,MONTH,2,MONTH,,,,,,,,,,,,PRPAY_AMT,,>0,,,Exclude episodes with the target payer as the secondary payer
CJ,EPISODE,PPI_PERINATAL,TRIG_EX_02,,,INDEX_BEG,INDEX_END,-9,MONTH,2,MONTH,,,,,,,,,,"FROM_DT>=MDY(1,27,2020)","FROM_DT<=MDY(3,31,2020)",DX,,B9729,,,Exclude episodes with COVID
CJ,EPISODE,PPI_PERINATAL,TRIG_EX_02,,,INDEX_BEG,INDEX_END,-9,MONTH,2,MONTH,,,,,,,,,,"FROM_DT>=MDY(4,1,2020)",,DX,,U071,,,Exclude episodes with COVID
CJ,EPISODE,PPI_PERINATAL,TRIG_EX_03,,,INDEX_BEG,INDEX_END,-9,MONTH,2,MONTH,,,,,,,,,,,,DX,,,T,,Exclude episodes with termination codes
CJ,EPISODE,PPI_PERINATAL,EPI_IN_01,,,INDEX_CASE,,,,,,,,,,,,,,,,,,,,,,Index stay
CJ,EPISODE,PPI_PERINATAL,EPI_IN_02,,,INDEX_BEG,INDEX_END,-9,MONTH,2,MONTH,,,,,,,,,,,,,,,,,Service Inclusion
CJ,EPISODE,PPI_PERINATAL,EPI_IN_02,,,INDEX_BEG,INDEX_END,-9,MONTH,2,MONTH,,,,,,,,,,,,DX,1,,E,X,Excluded Services
CJ,EPISODE,PPI_PERINATAL,EPI_IN_02,,,INDEX_BEG,INDEX_END,-9,MONTH,2,MONTH,,,,,,IP,,,CASE_ID,,,MS_DRG,,,X,X,Excluded Readmissions
CJ,EPISODE,PPI_PERINATAL,RF_HCC,,,INDEX_BEG,INDEX_BEG,-9,MONTH,-1,DAY,,,,,,,,,,,,,,,,,Claims to identify HCCs for RA
CJ,EPISODE,PPI_PERINATAL,RF_IN_01,,,INDEX_BEG,INDEX_END,-9,MONTH,-1,DAY,,,,,,,,,,,,DX,,,R,,
CJ,EPISODE,PPI_PERINATAL,RF_IN_02,,,INDEX_BEG,INDEX_END,,,,,,,,,,,,,,,,CPT,,XXX,,,
